#	schema=1	kind	word	ukPhonic	usPhonic	value
row	pron	一擔擔	[jat1 daam1 daam1]		[jat1 daam1 daam1] 半斤八两，彼此差不多（多含贬义）〈熟语〉	
row	sentence	一擔擔			例句：佢哋兩個做嘢態度都係一擔擔。（keoi5 dei6 loeng5 go3 zou6 je5 taai3 dou6 dou1 hai6 jat1 daam1 daam1.）（他们两个做事态度都是半斤八两一个样。）	
row	sentence	一擔擔			例句：邊個都唔好話邊個，一擔擔。（bin1 go3 dou1 m4 hou2 waa6 bin1 go3, jat1 daam1 daam1.）（谁也别笑话谁，彼此半斤八两。）	
row	pron	一陣	[jat1 zan6]		[jat1 zan6] 一会儿，一阵子〈名/副〉	
row	sentence	一陣			例句：等我一陣，好快好！（dang2 ngo5 jat1 zan6, hou2 faai3 hou2!）（等我一会儿，很快好！）	
row	sentence	一陣			例句：一陣間一齊去食飯。（jat1 zan6 gaan1 jat1 cai4 heoi3 sik6 faan6.）（一会儿一起去吃饭。）	
row	pron	一頭霧水	[jat1 tau4 mou6 seoi2]		[jat1 tau4 mou6 seoi2] 一头雾水，摸不着头脑，完全困惑〈形〉	
row	sentence	一頭霧水			例句：聽完佢解釋，我更加一頭霧水。（teng1 jyun4 keoi5 gaai2 sik1, ngo5 gang3 gaa1 jat1 tau4 mou6 seoi2.）（听完他的解释，我反而更加一头雾水了。）	
row	sentence	一頭霧水			例句：件事搞到大家一頭霧水。（gin6 si6 gaau2 dou3 daai6 gaa1 jat1 tau4 mou6 seoi2.）（这件事情搞得大家摸不着头脑。）	
row	pron	一齊	[jat1 cai4]		[jat1 cai4] 一起，一同〈副〉	
row	sentence	一齊			例句：我哋一齊去睇戲啦。（ngo5 dei6 jat1 cai4 heoi3 tai2 hei3 laa1.）（我们一起去看电影吧。）	
row	sentence	一齊			例句：大家一齊舉杯！（daai6 gaa1 jat1 cai4 geoi2 bui1!）（大家一起干杯！）	
row	pron	七國咁亂	[cat1 gwok3 gam3 lyun6]		[cat1 gwok3 gam3 lyun6] 乱七八糟，像战国七雄一样极其混乱〈熟语〉	
row	sentence	七國咁亂			例句：間房好耐冇執，七國咁亂。（gaan1 fong2 hou2 noi6 mou5 zap1, cat1 gwok3 gam3 lyun6.）（房间很久没收拾了，乱七八糟。）	
row	sentence	七國咁亂			例句：現場秩序搞到七國咁亂。（jin6 coeng4 zit3 zeoi6 gaau2 dou3 cat1 gwok3 gam3 lyun6.）（现场秩序乱得像一锅粥。）	
row	pron	上車	[soeng5 ce1]		[soeng5 ce1] 上车〈动〉	
row	sentence	上車			例句：人好多，小心上車。（jan4 hou2 do1, siu2 sam1 soeng5 ce1.）（人很多，小心上车。）	
row	sentence	上車			例句：等車停定先好上車。（dang2 ce1 ting4 ding6 sin1 hou2 soeng5 ce1.）（等车停稳了再上车。）	
row	pron	下晝	[haa6 zau3]		[haa6 zau3] 下午〈名〉	
row	sentence	下晝			例句：下晝三點去食下午茶。（haa6 zau3 saam1 dim2 heoi3 sik6 haa6 zau3 caa4.）（下午三点去吃下午茶。）	
row	sentence	下晝			例句：下晝我有一個面試。（haa6 zau3 ngo5 jau5 jat1 go3 min6 si3.）（下午我有一个面试。）	
row	pron	乾炒牛河	[gon1 caau2 ngau4 ho2]		[gon1 caau2 ngau4 ho2] 干炒牛河（考验粤菜厨师镬气的经典炒河粉）〈名〉	
row	sentence	乾炒牛河			例句：一碟合格嘅乾炒牛河必須夠鑊氣。（jat1 dip6 hap6 gak3 ge3 gon1 caau2 ngau4 ho2 bit1 seoi1 gau3 wok6 hei3.）（一盘合格的干炒牛河必须锅气十足。）	
row	sentence	乾炒牛河			例句：牛肉好嫩，河粉條條分明。（ngau4 juk6 hou2 nyun3, ho4 fan2 tiu4 tiu4 fan1 ming4.）（牛肉鲜嫩，河粉根根分明不上色过黑。）	
row	pron	亂龍	[lyun6 lung4]		[lyun6 lung4] 乱套，混乱，杂乱无章〈形/动〉	
row	sentence	亂龍			例句：人手唔夠，成個現場搞到亂晒龍。（jan4 sau2 m4 gau3, seng4 go3 jin6 coeng4 gaau2 dou3 lyun6 saai3 lung4.）（人手不够，整个现场搞得乱成一团糟。）	
row	sentence	亂龍			例句：排隊唔好插隊，唔係就亂龍㗎喇。（paai4 deoi2 m4 hou2 caap3 deoi2, m4 hai6 zau6 lyun6 lung4 gaa3 laa3.）（排队不要插队，不然就要乱套了。）	
row	pron	人哋	[jan4 dei6]		[jan4 dei6] 人家，别人〈代〉	
row	sentence	人哋			例句：人哋都話唔去咯，你就咪逼人啦。（jan4 dei6 dou1 waa6 m4 heoi3 lok3, nei5 zau6 mai5 bik1 jan4 laa1.）（人家都说不去了，你就别逼人家了。）	
row	sentence	人哋			例句：唔好亂講人哋嘅嘢。（m4 hou2 lyun6 gong2 jan4 dei6 ge3 je5.）（不要胡乱议论别人的事情。）	
row	pron	人工	[jan4 gung1]		[jan4 gung1] 工资，薪金，薪水〈名〉	
row	sentence	人工			例句：每個月月底出人工。（mui5 go3 jyut6 jyut6 dai2 ceot1 jan4 gung1.）（每个月月底发工资。）	
row	sentence	人工			例句：希望今年老細可以加人工。（hei1 mong6 gam1 nin4 lou5 sai3 ho2 ji5 gaa1 jan4 gung1.）（希望今年老板可以给涨薪。）	
row	pron	今日	[gam1 jat6]		[gam1 jat6] 今天〈名〉	
row	sentence	今日			例句：今日天氣好熱。（gam1 jat6 tin1 hei3 hou2 jit6.）（今天天气好热。）	
row	sentence	今日			例句：今日係中秋節。（gam1 jat6 hai6 zung1 cau1 zit3.）（今天是中秋节。）	
row	pron	仲	[zung6]		[zung6] 还，依然，更加〈副〉	
row	sentence	仲			例句：你仲未瞓啊？（nei5 zung6 mei6 fan3 aa3?）（你还没睡吗？）	
row	sentence	仲			例句：出面仲落緊雨。（ceot1 min6 zung6 lok6 gan2 jyu5.）（外面还在下雨。）	
row	pron	伙計	[fo2 gei3]		[fo2 gei3] 服务员，店员，伙计〈名〉	
row	sentence	伙計			例句：伙計，加水唔該！（fo2 gei3, gaa1 seoi2 m4 goi1!）（服务员，加水麻烦！）	
row	sentence	伙計			例句：呢間舖頭嘅伙計好熱情。（ni1 gaan1 pou3 tau4 ge3 fo2 gei3 hou2 jit6 cing4.）（这家店铺的伙计很热情。）	
row	pron	但係	[daan6 hai6]		[daan6 hai6] 但是，可是，不过〈连〉	
row	sentence	但係			例句：雖然好貴，但係物有所值。（seoi1 jin4 hou2 gwai3, daan6 hai6 mat6 jau5 so2 zik6.）（虽然很贵，但是物有所值。）	
row	sentence	但係			例句：佢想去，但係冇時間。（keoi5 soeng2 heoi3, daan6 hai6 mou5 si4 gaan3.）（他想去，可是没有时间。）	
row	pron	你	[nei5]		[nei5] 你〈代〉	
row	sentence	你			例句：你去邊度啊？（nei5 heoi3 bin1 dou6 aa3?）（你去哪里啊？）	
row	sentence	你			例句：你食咗飯未？（nei5 sik6 zo2 faan6 mei6?）（你吃饭了吗？）	
row	pron	你哋	[nei5 dei6]		[nei5 dei6] 你们〈代〉	
row	sentence	你哋			例句：你哋慢慢行啦。（nei5 dei6 maan6 maan6 haang4 laa1.）（你们慢慢走。）	
row	sentence	你哋			例句：你哋想食咩啊？（nei5 dei6 soeng2 sik6 me1 aa3?）（你们想吃什么呀？）	
row	pron	佢	[keoi5]		[keoi5] 他，她，它〈代〉	
row	sentence	佢			例句：佢係我嘅好朋友。（keoi5 hai6 ngo5 ge3 hou2 pang4 jau5.）（他是我的好朋友。）	
row	sentence	佢			例句：佢琴日冇嚟返工。（keoi5 kam4 jat6 mou5 lai4 faan1 gung1.）（他昨天没有来上班。）	
row	pron	佢哋	[keoi5 dei6]		[keoi5 dei6] 他们，她们，它们〈代〉	
row	sentence	佢哋			例句：佢哋啱啱出咗去。（keoi5 dei6 ngaam1 ngaam1 ceot1 zo2 heoi3.）（他们刚刚出去了。）	
row	sentence	佢哋			例句：佢哋去咗睇戲。（keoi5 dei6 heoi3 zo2 tai2 hei3.）（他们去看电影了。）	
row	pron	係	[hai6]		[hai6] 是〈动〉	
row	sentence	係			例句：今日係星期日。（gam1 jat6 hai6 sing1 kei4 jat6.）（今天是星期日。）	
row	sentence	係			例句：係啊，冇錯！（hai6 aa3, mou5 co3!）（是的，没错！）	
row	pron	保重	[bou2 zung6]		[bou2 zung6] 保重（多用于叮嘱病患或离别祝福）〈动〉	
row	sentence	保重			例句：天氣轉凍，多着衫保重身體！（tin1 hei3 zyun2 dung3, do1 zoek3 saam1 bou2 zung6 san1 tai2!）（天气转冷，多穿衣服保重身体！）	
row	sentence	保重			例句：祝你早日康復，多多保重。（zuk1 nei5 zou2 jat6 hong1 fuk6, do1 do1 bou2 zung6.）（祝你早日康复，多加保重。）	
row	pron	借錢	[ze3 cin2]		[ze3 cin2] 借钱〈动〉	
row	sentence	借錢			例句：借錢容易還錢難。（ze3 cin2 jung4 ji6 waan4 cin2 naan4.）（借钱容易还钱难。）	
row	sentence	借錢			例句：如果資金周轉唔靈，可以搵銀行貸款。（jyu4 gwo2 zi1 gam1 zau1 zyun2 m4 ling4, ho2 ji5 wan2 ngan4 hong4 dai3 fun2.）（如果资金周转不灵，可以找银行贷款。）	
row	pron	傷心	[soeng1 sam1]		[soeng1 sam1] 伤心，悲痛〈形〉	
row	sentence	傷心			例句：唔好咁傷心啦，振作起嚟。（m4 hou2 gam3 soeng1 sam1 laa1, zan3 zok3 hei2 lai4.）（别这么伤心了，振作起来。）	
row	sentence	傷心			例句：佢隻貓過咗身，佢好傷心。（keoi5 zek3 maau1 gwo3 zo2 san1, keoi5 hou2 soeng1 sam1.）（他的猫去世了，他很伤心。）	
row	pron	傾偈	[king1 gai2]		[king1 gai2] 聊天，谈天〈动〉	
row	sentence	傾偈			例句：得閒出嚟傾下偈啦。（dak1 haan4 ceot1 lai4 king1 haa5 gai2 laa1.）（有空出来聊聊天吧。）	
row	sentence	傾偈			例句：佢哋兩個喺咖啡廳傾偈。（keoi5 dei6 loeng5 go3 hai2 gaa3 fe1 teng1 king1 gai2.）（他们两个在咖啡厅聊天。）	
row	pron	充電	[cung1 din6]		[cung1 din6] 充电〈动〉	
row	sentence	充電			例句：部手機冇電喇，要攞去充電。（bou6 sau2 gei1 mou5 din6 laa3, jiu3 lo2 heoi3 cung1 din6.）（手机没电了，要拿去充电。）	
row	sentence	充電			例句：你有冇帶充電器？（nei5 jau5 mou5 daai3 cung1 din6 hei3?）（你带了充电器吗？）	
row	pron	先	[sin1]		[sin1] 先，才，方〈副/助〉	
row	sentence	先			例句：你食先啦，唔使等我。（nei5 sik6 sin1 laa1, m4 sai2 dang2 ngo5.）（你先吃吧，不用等我。）	
row	sentence	先			例句：做完功課先好睇電視。（zou6 jyun4 gung1 fo3 sin1 hou2 tai2 din6 si6.）（做完功课才能看电视。）	
row	pron	先生	[sin1 saang1]		[sin1 saang1] 先生，老师，丈夫〈名〉	
row	sentence	先生			例句：陳先生，早晨！（can4 sin1 saang1, zou2 san4!）（陈先生，早上好！）	
row	sentence	先生			例句：呢位係我先生。（ni1 wai2 hai6 ngo5 sin1 saang1.）（这位是我先生。）	
row	pron	入味	[jap6 mei6]		[jap6 mei6] 入味，调味充分渗透〈形〉	
row	sentence	入味			例句：燜牛腩燜得好入味。（mun6 ngau4 naam5 mun6 dak1 hou2 jap6 mei6.）（炖牛腩炖得非常入味可口。）	
row	sentence	入味			例句：醃返半個鐘等啲雞肉入味。（jip3 faan1 bun3 go3 zung1 dang2 di1 gai1 juk6 jap6 mei6.）（腌制半小时让鸡肉充分入味。）	
row	pron	八達通	[baat3 daat6 tung1]		[baat3 daat6 tung1] 八达通（交通卡）〈名〉	
row	sentence	八達通			例句：張八達通唔夠錢，要去增值。（zoeng1 baat3 daat6 tung1 m4 gau3 cin2, jiu3 heoi3 zang1 zik6.）（那张八达通没钱了，要去充值。）	
row	sentence	八達通			例句：搭車買嘢嘟一嘟八達通就得。（daap3 ce1 maai5 je5 dut1 jat1 dut1 baat3 daat6 tung1 zau6 dak1.）（坐车买东西刷一下八达通就行。）	
row	pron	其實	[kei4 sat6]		[kei4 sat6] 其实，实际上〈副〉	
row	sentence	其實			例句：其實佢個人心地好好。（kei4 sat6 keoi5 go3 jan4 sam1 dei6 hou2 hou2.）（其实他这个人心地很善良。）	
row	sentence	其實			例句：件事其實好簡單。（gin6 si6 kei4 sat6 hou2 gaan2 daan1.）（事情其实非常简单。）	
row	pron	冇	[mou5]		[mou5] 没有，无〈动〉	
row	sentence	冇			例句：我今日冇帶鎖匙。（ngo5 gam1 jat6 mou5 daai3 so2 si4.）（我今天没带钥匙。）	
row	sentence	冇			例句：呢度冇人。（ni1 dou6 mou5 jan4.）（这里没有人。）	
row	pron	冇厘頭	[mou5 lei4 tau4]		[mou5 lei4 tau4] 无厘头，莫名其妙，无缘无故〈形〉	
row	sentence	冇厘頭			例句：佢講啲笑話成日冇厘頭。（keoi5 gong2 di1 siu3 waa2 seng4 jat6 mou5 lei4 tau4.）（他讲的笑话老是无厘头。）	
row	sentence	冇厘頭			例句：周星馳嘅電影開創咗無厘頭文化。（zau1 sing1 ci4 ge3 din6 jing2 hoi1 cong3 zo2 mou5 lei4 tau4 man4 faa3.）（周星驰的电影开创了无厘头文化。）	
row	pron	冷氣	[laang5 hei3]		[laang5 hei3] 空调，冷气〈名〉	
row	sentence	冷氣			例句：天氣咁熱，開大啲個冷氣啦。（tin1 hei3 gam3 jit6, hoi1 daai6 di1 go3 laang5 hei3 laa1.）（天气这么热，把空调开大一点吧。）	
row	sentence	冷氣			例句：商場嘅冷氣好凍。（soeng1 coeng4 ge3 laang5 hei3 hou2 dung3.）（商场的空调很冷。）	
row	pron	凍	[dung3]		[dung3] 冷，冰冷，寒凉〈形〉	
row	sentence	凍			例句：今日出面好凍，着多件衫。（gam1 jat6 ceot1 min6 hou2 dung3, zoek3 do1 gin6 saam1.）（今天外面很冷，多穿件衣服。）	
row	sentence	凍			例句：我想要一杯凍檸茶。（ngo5 soeng2 jiu3 jat1 bui1 dung3 ning4 caa4.）（我想要一杯冰柠檬茶。）	
row	pron	凍檸茶	[dung3 ning4 caa4]		[dung3 ning4 caa4] 冰柠檬茶〈名〉	
row	sentence	凍檸茶			例句：凍檸茶少甜少冰，唔該。（dung3 ning4 caa4 siu2 tim4 siu2 bing1, m4 goi1.）（冰柠檬茶少糖少冰，谢谢。）	
row	sentence	凍檸茶			例句：飲凍檸茶要先篤下啲檸檬。（jam2 dung3 ning4 caa4 jiu3 sin1 doek1 haa5 di1 ning4 mung1.）（喝冰柠檬茶要先戳一下柠檬片。）	
row	pron	出太陽	[ceot1 taai3 joeng4]		[ceot1 taai3 joeng4] 出太阳，晴天〈动〉	
row	sentence	出太陽			例句：連續落咗幾日雨，今日終於出太陽。（lin4 zuk6 lok6 zo2 gei2 jat6 jyu5, gam1 jat6 zung1 jyu1 ceot1 taai3 joeng4.）（连着下了几天雨，今天终于出太阳了。）	
row	sentence	出太陽			例句：出太陽可以去海灘玩。（ceot1 taai3 joeng4 ho2 ji5 heoi3 hoi2 taan1 waan2.）（出太阳可以去沙滩玩。）	
row	pron	出差	[ceot1 caai1]		[ceot1 caai1] 出差〈动〉	
row	sentence	出差			例句：下個禮拜我要去北京出差。（haa6 go3 lai5 baai3 ngo5 jiu3 heoi3 bak1 ging1 ceot1 caai1.）（下周我要去北京出差。）	
row	sentence	出差			例句：出差住酒店記得攞發票。（ceot1 caai1 zyu6 zau2 dim3 gei3 dak1 lo2 faat3 piu3.）（出差住酒店记得拿发票报销。）	
row	pron	出糧	[ceot1 loeng4]		[ceot1 loeng4] 发薪水，发工资〈动〉	
row	sentence	出糧			例句：今日出糧，今晚食餐好嘅慶祝！（gam1 jat6 ceot1 loeng4, gam1 maan5 sik6 caan1 hou2 ge3 hing3 zuk1!）（今天发工资，今晚吃顿大餐庆祝！）	
row	sentence	出糧			例句：每個月最開心就係出糧嗰日。（mui5 go3 jyut6 zeoi3 hoi1 sam1 zau6 hai6 ceot1 loeng4 go2 jat6.）（每个月最开心的就是发工资那天。）	
row	pron	刷牙	[caat3 ngaa4]		[caat3 ngaa4] 刷牙〈动〉	
row	sentence	刷牙			例句：早晚都要認真刷牙。（zou2 maan5 dou1 jiu3 jing6 zan1 caat3 ngaa4.）（早晚都要认真刷牙。）	
row	sentence	刷牙			例句：刷完牙個人精神好多。（caat3 jyun4 ngaa4 go3 jan4 zing1 san4 hou2 do1.）（刷完牙整个人精神很多。）	
row	pron	前日	[cin4 jat6]		[cin4 jat6] 前天〈名〉	
row	sentence	前日			例句：前日寄嘅快遞已經到咗。（cin4 jat6 gei3 ge3 faai3 dai6 ji5 ging1 dou3 zo2.）（前天寄的快递已经到了。）	
row	sentence	前日			例句：我前日先見過佢。（ngo5 cin4 jat6 sin1 gin3 gwo3 keoi5.）（我前天才见过他。）	
row	pron	升職	[sing1 zik1]		[sing1 zik1] 升职，晋升〈动〉	
row	sentence	升職			例句：恭喜你升職做經理！（gung1 hei2 nei5 sing1 zik1 zou6 ging1 lei5!）（恭喜你升职做经理！）	
row	sentence	升職			例句：努力工作，總會有升職機會。（nou5 lik6 gung1 zok3, zung2 wui5 jau5 sing1 zik1 gei1 wui6.）（努力工作，总会有升迁机会的。）	
row	pron	卸膊	[se3 bok3]		[se3 bok3] 推卸责任，甩锅，推委责任〈动〉	
row	sentence	卸膊			例句：一有問題佢就即刻卸膊畀下屬。（jat1 jau5 man6 tai4 keoi5 zau6 zik1 hak1 se3 bok3 bei2 haa6 suk6.）（一出问题他就立刻把责任甩给下属。）	
row	sentence	卸膊			例句：做領導唔好成日諗住卸膊。（zou6 ling5 dou6 m4 hou2 seng4 jat6 nam2 zyu6 se3 bok3.）（当领导不要老想着推卸责任。）	
row	pron	叉燒包	[caa1 siu1 baau1]		[caa1 siu1 baau1] 叉烧包〈名〉	
row	sentence	叉燒包			例句：剛出爐嘅叉燒包熱辣辣。（gong1 ceot1 lou4 ge3 caa1 siu1 baau1 jit6 laat6 laat6.）（刚出炉的叉烧包热乎乎的。）	
row	sentence	叉燒包			例句：叉燒包餡料好惹味。（caa1 siu1 baau1 haam2 liu2 hou2 je5 mei6.）（叉烧包馅料非常美味可口。）	
row	pron	叮叮車	[ding1 ding1 ce1]		[ding1 ding1 ce1] 叮叮车（香港岛双层有轨电车）〈名〉	
row	sentence	叮叮車			例句：坐叮叮車慢悠悠遊香港島。（co5 ding1 ding1 ce1 maan6 jau1 jau1 jau4 hoeng1 gong2 dou2.）（坐叮叮车慢悠悠畅游香港岛。）	
row	sentence	叮叮車			例句：叮叮車係百年歷史交通工具。（ding1 ding1 ce1 hai6 baak3 nin4 lik6 si2 gaau1 tung1 gung1 geoi6.）（叮叮车是有百年历史的交通工具。）	
row	pron	可以	[ho2 ji5]		[ho2 ji5] 可以，能够〈能愿〉	
row	sentence	可以			例句：我可以坐呢度嗎？（ngo5 ho2 ji5 co5 ni1 dou6 maa3?）（我可以坐这里吗？）	
row	sentence	可以			例句：呢件事你可以同佢傾下。（ni1 gin6 si6 nei5 ho2 ji5 tung4 keoi5 king1 haa5.）（这件事你可以跟他聊聊。）	
row	pron	合約	[hap6 joek3]		[hap6 joek3] 合同，契约〈名〉	
row	sentence	合約			例句：簽合約之前一定要睇清楚條款。（cim1 hap6 joek3 zi1 cin4 jat1 ding6 jiu3 tai2 cing1 co2 tiu4 fun2.）（签合同前一定要看清楚各项条款。）	
row	sentence	合約			例句：份合約期限係兩年。（fan6 hap6 joek3 kei4 haan6 hai6 loeng5 nin4.）（这份合同的期限是两年。）	
row	pron	同埋	[tung4 maai4]		[tung4 maai4] 和，以及，还有〈连〉	
row	sentence	同埋			例句：我同埋佢一齊去。（ngo5 tung4 maai4 keoi5 jat1 cai4 heoi3.）（我和他一起去。）	
row	sentence	同埋			例句：買咗麵包同埋牛奶。（maai5 zo2 min6 baau1 tung4 maai4 ngau4 naai5.）（买了面包和牛奶。）	
row	pron	吹水	[ceoi1 seoi2]		[ceoi1 seoi2] 闲聊，侃大山，说大话〈动〉	
row	sentence	吹水			例句：得閒一齊出嚟飲杯嘢吹下水啦。（dak1 haan4 jat1 cai4 ceot1 lai4 jam2 bui1 je5 ceoi1 haa5 seoi2 laa1.）（有空一起出来喝杯饮品侃侃大山吧。）	
row	sentence	吹水			例句：佢講嘅嘢你咪信，吹水唔抹嘴嘅！（keoi5 gong2 ge3 je5 nei5 mai5 seon3, ceoi1 seoi2 m4 maat3 zeoi2 ge3!）（他说的话你别信，信口开河不靠谱的！）	
row	pron	呢個	[ni1 go3]		[ni1 go3] 这个〈代〉	
row	sentence	呢個			例句：呢個麵包好好食。（ni1 go3 min6 baau1 hou2 hou2 sik6.）（这个面包很好吃。）	
row	sentence	呢個			例句：呢個多少錢啊？（ni1 go3 do1 siu2 cin2 aa3?）（这个多少钱啊？）	
row	pron	呢度	[ni1 dou6]		[ni1 dou6] 这里，这儿〈代〉	
row	sentence	呢度			例句：呢度嘅風景好靚。（ni1 dou6 ge3 fung1 ging2 hou2 leng3.）（这里的风景很美。）	
row	sentence	呢度			例句：你喺呢度等我一陣。（nei5 hai2 ni1 dou6 dang2 ngo5 jat1 zan6.）（你在这里等我一会儿。）	
row	pron	咗	[zo2]		[zo2] 了（动态助词，表示动作完成）〈助〉	
row	sentence	咗			例句：我已經做完咗功課。（ngo5 ji5 ging1 zou6 jyun4 zo2 gung1 fo3.）（我已经做完了功课。）	
row	sentence	咗			例句：佢去咗香港旅行。（keoi5 heoi3 zo2 hoeng1 gong2 leoi5 hang4.）（他去香港旅游了。）	
row	pron	咩	[me1]		[me1] 什么〈代〉	
row	sentence	咩			例句：你睇緊咩書啊？（nei5 tai2 gan2 me1 syu1 aa3?）（你在看什么书呀？）	
row	sentence	咩			例句：有咩事打電話畀我啦。（jau5 me1 si6 daa2 din6 waa2 bei2 ngo5 laa1.）（有什么事打电话给我吧。）	
row	pron	咪	[mai5]		[mai5] 别，不要；不就是〈副〉	
row	sentence	咪			例句：咪行埋去嗰度，危險啊。（mai5 haang4 maai4 heoi3 go2 dou6, ngai4 him2 aa3.）（别走过去那边，危险啊。）	
row	sentence	咪			例句：嗰個咪係陳先生咯！（go2 go3 mai5 hai6 can4 sin1 saang1 lok3!）（那不就是陈先生嘛！）	
row	pron	唔使	[m4 sai2]		[m4 sai2] 不用，不必〈能愿〉	
row	sentence	唔使			例句：唔使客氣，小事嚟㗎。（m4 sai2 haak3 hei3, siu2 si6 lai4 gaa3.）（不用客气，小事情而已。）	
row	sentence	唔使			例句：今日唔使返工，可以訓到自然醒。（gam1 jat6 m4 sai2 faan1 gung1, ho2 ji5 fan3 dou3 zi6 jin4 seng2.）（今天不用上班，可以睡到自然醒。）	
row	pron	唔係	[m4 hai6]		[m4 hai6] 不是〈动〉	
row	sentence	唔係			例句：呢部手機唔係我嘅。（ni1 bou6 sau2 gei1 m4 hai6 ngo5 ge3.）（这部手机不是我的。）	
row	sentence	唔係			例句：唔係噉樣做㗎。（m4 hai6 gam2 joeng2 zou6 gaa3.）（不是这样做事的。）	
row	pron	唔好	[m4 hou2]		[m4 hou2] 不好，不要，别〈副/形〉	
row	sentence	唔好			例句：唔好意思，借借。（m4 hou2 ji3 si3, ze3 ze3.）（不好意思，借过借过。）	
row	sentence	唔好			例句：唔好喺度食煙。（m4 hou2 hai2 dou6 sik6 jin1.）（不要在这里抽烟。）	
row	pron	唔好意思	[m4 hou2 ji3 si3]		[m4 hou2 ji3 si3] 不好意思，抱歉，打扰一下〈短语〉	
row	sentence	唔好意思			例句：唔好意思，我遲到咗。（m4 hou2 ji3 si3, ngo5 ci4 dou3 zo2.）（不好意思，我迟到了。）	
row	sentence	唔好意思			例句：唔好意思，請問地鐵站喺邊度？（m4 hou2 ji3 si3, cing2 man6 dei6 tit3 zaam6 hai2 bin1 dou6?）（不好意思打扰一下，请问地铁站在哪里？）	
row	pron	唔得	[m4 dak1]		[m4 dak1] 不行，不可以〈动〉	
row	sentence	唔得			例句：呢度唔得泊車㗎。（ni1 dou6 m4 dak1 paak3 ce1 gaa3.）（这里不可以停车的。）	
row	sentence	唔得			例句：真係唔得，太急喇。（zan1 hai6 m4 dak1, taai3 gap1 laa3.）（真的不行，太仓促了。）	
row	pron	唔忿氣	[m4 fan5 hei3]		[m4 fan5 hei3] 不服气，心有不甘〈形/动〉	
row	sentence	唔忿氣			例句：明明係佢贏，輸咗比賽好唔忿氣。（ming4 ming4 hai6 keoi5 jeng4, syu1 zo2 bei2 coi3 hou2 m4 fan5 hei3.）（明明该是他赢的，输了比赛非常不服气。）	
row	sentence	唔忿氣			例句：唔忿氣就下次再贏返！（m4 fan5 hei3 zau6 haa6 ci3 zoi3 jeng4 faan1!）（不服气那就下次再赢回来！）	
row	pron	唔緊要	[m4 gan2 jiu3]		[m4 gan2 jiu3] 没关系，不打紧，不要紧〈短语〉	
row	sentence	唔緊要			例句：唔緊要啦，小事一樁。（m4 gan2 jiu3 laa1, siu2 si6 jat1 zong1.）（没关系啦，小事一桩。）	
row	sentence	唔緊要			例句：跌咗就算，最緊要人冇事，唔緊要。（dit3 zo2 zau6 syun3, zeoi3 gan2 jiu3 jan4 mou5 si6, m4 gan2 jiu3.）（掉了就算了，最重要人没事，不要紧。）	
row	pron	唔該	[m4 goi1]		[m4 goi1] 劳驾，麻烦，谢谢（用于请托人或接受轻微帮助）〈叹/副〉	
row	sentence	唔該			例句：唔該借借。（m4 goi1 ze3 ze3.）（劳驾借过借过。）	
row	sentence	唔該			例句：唔該畀杯熱水我。（m4 goi1 bei2 bui1 jit6 seoi2 ngo5.）（麻烦给我一杯热水，谢谢。）	
row	pron	唔通	[m4 tung1]		[m4 tung1] 难道，莫非〈副〉	
row	sentence	唔通			例句：佢咁耐都未嚟，唔通佢唔記得咗？（keoi5 gam3 noi6 dou1 mei6 lai4, m4 tung1 keoi5 m4 gei3 dak1 zo2?）（他这么久都没来，难道他给忘了？）	
row	sentence	唔通			例句：唔通呢個真係真相？（m4 tung1 ni1 go3 zan1 hai6 zan1 soeng3?）（难道这真的是真相？）	
row	pron	商場	[soeng1 coeng4]		[soeng1 coeng4] 购物商场〈名〉	
row	sentence	商場			例句：週末好多人去商場逛街。（zau1 mut6 hou2 do1 jan4 heoi3 soeng1 coeng4 gwaang6 gaai1.）（周末很多人去商场逛街。）	
row	sentence	商場			例句：呢個商場嘅冷氣好足。（ni1 go3 soeng1 coeng4 ge3 laang5 hei3 hou2 zuk1.）（这个商场的空调很充足。）	
row	pron	問路	[man6 lou6]		[man6 lou6] 问路〈动〉	
row	sentence	問路			例句：唔好意思，我想問下路。（m4 hou2 ji3 si3, ngo5 soeng2 man6 haa5 lou6.）（不好意思，我想问一下路。）	
row	sentence	問路			例句：佢好熱心噉指路畀我。（keoi5 hou2 jit6 sam1 gam2 zi2 lou6 bei2 ngo5.）（他很热心地给我指路。）	
row	pron	啖	[daam6]		[daam6] 口（量词，用于饮、食的一口）〈量〉	
row	sentence	啖			例句：飲啖水先講啦。（jam2 daam6 seoi2 sin1 gong2 laa1.）（喝口水再讲吧。）	
row	sentence	啖			例句：食多啖飯，唔好嘥嘢。（sik6 do1 daam6 faan6, m4 hou2 saai1 je5.）（多吃一口饭，别浪费东西。）	
row	pron	啫	[ze1]		[ze1] 而已，罢了（语气助词，表不过如此）〈助〉	
row	sentence	啫			例句：講下笑啫，唔好嬲啦。（gong2 haa5 siu3 ze1, m4 hou2 nau1 laa1.）（开个玩笑罢了，别生气啦。）	
row	sentence	啫			例句：幾十蚊啫，好平。（gei2 sap6 man1 ze1, hou2 peng4.）（几十块钱而已，很便宜。）	
row	pron	啱	[ngaam1]		[ngaam1] 对，正确，刚好，刚刚〈形/副〉	
row	sentence	啱			例句：你講得好啱！（nei5 gong2 dak1 hou2 ngaam1!）（你说得太对了！）	
row	sentence	啱			例句：我啱啱返到屋企。（ngo5 ngaam1 ngaam1 faan1 dou3 uk1 kei2.）（我刚刚回到家。）	
row	pron	啱啱	[ngaam1 ngaam1]		[ngaam1 ngaam1] 刚刚，刚才〈副〉	
row	sentence	啱啱			例句：佢啱啱走咗。（keoi5 ngaam1 ngaam1 zau2 zo2.）（他刚刚走了。）	
row	sentence	啱啱			例句：啲餸啱啱煮好，趁熱食。（di1 sung3 ngaam1 ngaam1 zyu2 hou2, can3 jit6 sik6.）（菜刚刚烧好，趁热吃。）	
row	pron	喎	[wo3]		[wo3] 啊，据说（转述或提醒语气）〈助〉	
row	sentence	喎			例句：天文台話聽日會落雨喎。（tin1 man4 toi4 waa6 ting1 jat6 wui5 lok6 jyu5 wo3.）（天文台说明天会下雨呢。）	
row	sentence	喎			例句：好似幾好食喎。（hou2 ci5 gei2 hou2 sik6 wo3.）（好像挺好吃的样子呢。）	
row	pron	單據	[daan1 geoi3]		[daan1 geoi3] 单据，发票，凭证〈名〉	
row	sentence	單據			例句：所有報銷都要附上完整單據。（so2 jau5 bou3 siu1 dou1 jiu3 fu6 soeng5 jyun4 zing2 daan1 geoi3.）（所有报销都要附上完整的票据凭证。）	
row	sentence	單據			例句：保留好買嘢嘅單據方便退換。（bou2 lau4 hou2 maai5 je5 ge3 daan1 geoi3 fong1 bin6 teoi3 wun6.）（保留好购物小票凭证方便退换货。）	
row	pron	喺	[hai2]		[hai2] 在（某处），位于〈动/介〉	
row	sentence	喺			例句：你喺邊度啊？（nei5 hai2 bin1 dou6 aa3?）（你在哪里呀？）	
row	sentence	喺			例句：佢喺圖書館睇書。（keoi5 hai2 tou4 syu1 gun2 tai2 syu1.）（他在图书馆看书。）	
row	pron	嗰個	[go2 go3]		[go2 go3] 那个〈代〉	
row	sentence	嗰個			例句：嗰個人係邊個嚟㗎？（go2 go3 jan4 hai6 bin1 go3 lai4 gaa3?）（那个人是谁呀？）	
row	sentence	嗰個			例句：嗰個手袋好靚。（go2 go3 sau2 doi2 hou2 leng3.）（那个手提包很漂亮。）	
row	pron	嗰度	[go2 dou6]		[go2 dou6] 那里，那儿〈代〉	
row	sentence	嗰度			例句：嗰度好多人排隊。（go2 dou6 hou2 do1 jan4 paai4 deoi2.）（那里很多人排队。）	
row	sentence	嗰度			例句：我聽日要去嗰度開會。（ngo5 ting1 jat6 jiu3 heoi3 go2 dou6 hoi1 wui2.）（我明天要去那里开会。）	
row	pron	嘈	[cou4]		[cou4] 吵闹，喧闹，喧哗〈形/动〉	
row	sentence	嘈			例句：出面好嘈，聽唔清講咩。（ceot1 min6 hou2 cou4, teng1 m4 cing1 gong2 me1.）（外面很吵，听不清楚在说什么。）	
row	sentence	嘈			例句：唔好喺圖書館入面咁嘈。（m4 hou2 hai2 tou4 syu1 gun2 jap6 min6 gam3 cou4.）（不要在图书馆里面这么吵闹喧哗。）	
row	pron	嘢	[je5]		[je5] 东西，事物〈名〉	
row	sentence	嘢			例句：唔好亂買嘢啦。（m4 hou2 lyun6 maai5 je5 laa1.）（别乱买东西啦。）	
row	sentence	嘢			例句：有冇嘢食啊？我好肚餓。（jau5 mou5 je5 sik6 aa3? ngo5 hou2 tou5 ngo6.）（有东西吃吗？我很饿。）	
row	pron	嚿	[gau6]		[gau6] 块（量词，用于块状物）〈量〉	
row	sentence	嚿			例句：食多嚿肉啦。（sik6 do1 gau6 juk6 laa1.）（多吃一块肉吧。）	
row	sentence	嚿			例句：地下有嚿大石頭。（dei6 haa2 jau5 gau6 daai6 sek6 tau4.）（地上有一块大石头。）	
row	pron	因為	[jan1 wai6]		[jan1 wai6] 因为〈连〉	
row	sentence	因為			例句：因為落雨，所以取消咗活動。（jan1 wai6 lok6 jyu5, so2 ji5 ceoi2 siu1 zo2 wut6 dung6.）（因为下雨，所以取消了户外活动。）	
row	sentence	因為			例句：佢因為努力而成功。（keoi5 jan1 wai6 nou5 lik6 ji4 sing4 gung1.）（他因为刻苦努力而获得成功。）	
row	pron	地鐵	[dei6 tit3]		[dei6 tit3] 地铁〈名〉	
row	sentence	地鐵			例句：搭地鐵好方便，唔怕塞車。（daap3 dei6 tit3 hou2 fong1 bin6, m4 paa3 sak1 ce1.）（坐地铁很方便，不怕堵车。）	
row	sentence	地鐵			例句：請勿靠近地鐵閘門。（cing2 mat6 kaau3 gan6 dei6 tit3 zaap6 mun4.）（请勿靠近地铁车门。）	
row	pron	埋	[maai4]		[maai4] 连同，全部一起；靠拢〈助/动〉	
row	sentence	埋			例句：食埋呢啖飯就走。（sik6 maai4 ni1 daam6 faan6 zau6 zau2.）（吃完这口饭就走。）	
row	sentence	埋			例句：行埋一邊，咪阻住條路。（haang4 maai4 jat1 bin1, mai5 zo2 zyu6 tiu4 lou6.）（靠边走，别挡住路。）	
row	pron	埋單	[maai4 daan1]		[maai4 daan1] 结账，买单〈动〉	
row	sentence	埋單			例句：伙計，三號枱埋單！（fo2 gei3, saam1 hou6 toi2 maai4 daan1!）（服务员，3号桌结账！）	
row	sentence	埋單			例句：今日我請客，等我嚟埋單。（gam1 jat6 ngo5 cing2 haak3, dang2 ngo5 lai4 maai4 daan1.）（今天我请客，让我来买单。）	
row	pron	執生	[zap1 saang1]		[zap1 saang1] 随机应变，看情况见机行事〈动〉	
row	sentence	執生			例句：到時情況有變，大家唯有睇情況執生啦。（dou3 si4 cing4 fong3 jau5 bin3, daai6 gaa1 wai4 jau5 tai2 cing4 fong3 zap1 saang1 laa1.）（到时候情况有变，大家只有看情况随机应变啦。）	
row	sentence	執生			例句：唔使驚，有我喺度，你睇我眼色執生就得。（m4 sai2 geng1, jau5 ngo5 hai2 dou6, nei5 tai2 ngo5 ngaan5 sik1 zap1 saang1 zau6 dak1.）（不用怕，有我在这里，你看我眼色行事就行。）	
row	pron	執笠	[zap1 lap1]		[zap1 lap1] 倒闭，关门大吉，破产结业〈动〉	
row	sentence	執笠			例句：受疫情影響，附近好多老字號都執咗笠。（sau6 jik1 cing4 jing2 hoeng2, fu6 gan6 hou2 do1 lou5 zi6 hou6 dou1 zap1 zo2 lap1.）（受疫情影响，附近很多老字号都倒闭了。）	
row	sentence	執笠			例句：執笠清貨，全場半價！（zap1 lap1 cing1 fo3, cyun4 coeng4 bun3 gaa3!）（结业清仓甩卖，全场半价！）	
row	pron	塞車	[sak1 ce1]		[sak1 ce1] 堵车，交通拥堵〈动〉	
row	sentence	塞車			例句：返工高峰期條路好塞車。（faan1 gung1 gou1 fung1 kei4 tiu4 lou6 hou2 sak1 ce1.）（上班高峰期那条路上很堵车。）	
row	sentence	塞車			例句：因為塞車，所以我遲到咗。（jan1 wai6 sak1 ce1, so2 ji5 ngo5 ci4 dou3 zo2.）（因为堵车，所以我迟到了。）	
row	pron	增值	[zang1 zik6]		[zang1 zik6] 充值（卡内储值）〈动〉	
row	sentence	增值			例句：便利店可以幫八達通增值。（bin6 lei6 dim3 ho2 ji5 bong1 baat3 daat6 tung1 zang1 zik6.）（便利店可以给八达通充值。）	
row	sentence	增值			例句：唔該增值一百蚊。（m4 goi1 zang1 zik6 jat1 baak3 man1.）（麻烦充值一百元。）	
row	pron	多	[do1]		[do1] 多〈形/数〉	
row	sentence	多			例句：今日街上面好多人。（gam1 jat6 gaai1 soeng6 min6 hou2 do1 jan4.）（今天街上很多人。）	
row	sentence	多			例句：多謝你嘅幫忙。（do1 ze6 nei5 ge3 bong1 mong4.）（多谢你的帮忙。）	
row	pron	多謝	[do1 ze6]		[do1 ze6] 多谢，感谢（用于接收礼物、款待或厚意）〈动/叹〉	
row	sentence	多謝			例句：多謝你嘅禮物！（do1 ze6 nei5 ge3 lai5 mat6!）（多谢你的精美礼物！）	
row	sentence	多謝			例句：多謝大家嘅支持同厚愛。（do1 ze6 daai6 gaa1 ge3 zi1 ci4 tung4 hau5 oi3.）（非常感谢大家的支持与厚爱。）	
row	pron	夜	[je6]		[je6] 晚，迟，夜晚〈形/名〉	
row	sentence	夜			例句：咁夜仲未瞓？（gam3 je6 zung6 mei6 fan3?）（这么晚了还没睡？）	
row	sentence	夜			例句：今晚我好夜先返到。（gam1 maan5 ngo5 hou2 je6 sin1 faan1 dou3.）（今晚我很晚才到家。）	
row	pron	夜晚	[je6 maan5]		[je6 maan5] 晚上，夜晚〈名〉	
row	sentence	夜晚			例句：夜晚出街要小心。（je6 maan5 ceot1 gaai1 jiu3 siu2 sam1.）（晚上出门要小心。）	
row	sentence	夜晚			例句：夜晚嘅維港夜景好靚。（je6 maan5 ge3 wai4 gong2 je6 ging2 hou2 leng3.）（夜晚的维多利亚港夜景真美。）	
row	pron	大	[daai6]		[daai6] 大〈形〉	
row	sentence	大			例句：間屋好大好舒服。（gaan1 uk1 hou2 daai6 hou2 syu1 fuk6.）（房子很大很舒服。）	
row	sentence	大			例句：雨落得好大。（jyu5 lok6 dak1 hou2 daai6.）（雨下得很大。）	
row	pron	大件事	[daai6 gin6 si6]		[daai6 gin6 si6] 出大事了，严重的问题〈名/形〉	
row	sentence	大件事			例句：今次大件事喇，系統崩潰咗！（gam1 ci3 daai6 gin6 si6 laa3, hai6 tung2 bang1 kui2 zo2!）（这次出大事了，系统崩溃了！）	
row	sentence	大件事			例句：放心啦，又唔係咩大件事。（fong3 sam1 laa1, jau6 m4 hai6 me1 daai6 gin6 si6.）（放心吧，又不是什么了不得的大事。）	
row	pron	大客	[daai6 haak3]		[daai6 haak3] 大客户，重要客户〈名〉	
row	sentence	大客			例句：呢位係我哋公司嘅VIP大客，要好好招待。（ni1 wai2 hai6 ngo5 dei6 gung1 si1 ge3 VIP daai6 haak3, jiu3 hou2 hou2 ziu1 doi6.）（这位是我们公司的重要大客户，要好好招待。）	
row	sentence	大客			例句：拿下呢個大客，今年業績就穩喇。（naa4 haa6 ni1 go3 daai6 haak3, gam1 nin4 jip6 zik1 zau6 wan2 laa3.）（拿下这个大客户，今年的业绩就稳了。）	
row	pron	大家	[daai6 gaa1]		[daai6 gaa1] 大家，各位〈代〉	
row	sentence	大家			例句：大家早晨！（daai6 gaa1 zou2 san4!）（大家早上好！）	
row	sentence	大家			例句：大家一齊努力啦。（daai6 gaa1 jat1 cai4 nou5 lik6 laa1.）（大家一起努力吧。）	
row	pron	大懵	[daai6 mung2]		[daai6 mung2] 粗心大意，健忘，糊里糊涂〈形〉	
row	sentence	大懵			例句：我真係大懵，出門又唔記得帶電話。（ngo5 zan1 hai6 daai6 mung2, ceot1 mun4 jau6 m4 gei3 dak1 daai3 din6 waa2.）（我真是太糊涂粗心了，出门又忘了带手机。）	
row	sentence	大懵			例句：佢做嘢好大懵，成日漏嘢。（keoi5 zou6 je5 hou2 daai6 mung2, seng4 jat6 lau6 je5.）（他做事很大意，经常丢三落四。）	
row	pron	大排檔	[daai6 paai4 dong3]		[daai6 paai4 dong3] 大排档，露天排档〈名〉	
row	sentence	大排檔			例句：夜晚同朋友去大排檔食宵夜。（je6 maan5 tung4 pang4 jau5 heoi3 daai6 paai4 dong3 sik6 siu1 je2.）（晚上和朋友去大排档吃夜宵。）	
row	sentence	大排檔			例句：大排檔炒餸好有鑊氣！（daai6 paai4 dong3 caau2 sung3 hou2 jau5 wok6 hei3!）（大排档炒菜非常有锅气！）	
row	pron	天星小輪	[tin1 sing1 siu2 leon4]		[tin1 sing1 siu2 leon4] 天星小轮（维港标志性渡轮）〈名〉	
row	sentence	天星小輪			例句：搭天星小輪睇維港夜景好浪漫。（daap3 tin1 sing1 siu2 leon4 tai2 wai4 gong2 je6 ging2 hou2 long6 maan6.）（乘坐天星小轮欣赏维港夜景很浪漫。）	
row	sentence	天星小輪			例句：天星小輪票價好平。（tin1 sing1 siu2 leon4 piu3 gaa3 hou2 peng4.）（天星小轮票价非常便宜亲民。）	
row	pron	天橋	[tin1 kiu4]		[tin1 kiu4] 人行天桥，过街立交桥〈名〉	
row	sentence	天橋			例句：行天橋過馬路好安全。（haang4 tin1 kiu4 gwo3 maa5 lou6 hou2 on1 cyun4.）（走人行天桥过马路非常安全。）	
row	sentence	天橋			例句：中環天橋網絡四通八達。（zung1 waan4 tin1 kiu4 mong5 lok3 sei3 tung1 baat3 daat6.）（中环的人行天桥系统四通八达。）	
row	pron	奶茶	[naai5 caa4]		[naai5 caa4] 丝袜奶茶，港式奶茶〈名〉	
row	sentence	奶茶			例句：伙計，一杯熱奶茶少甜！（fo2 gei3, jat1 bui1 jit6 naai5 caa4 siu2 tim4!）（服务员，一杯热奶茶少糖！）	
row	sentence	奶茶			例句：港式奶茶茶香奶濃。（gong2 sik1 naai5 caa4 caa4 hoeng1 naai5 nung4.）（港式奶茶茶香浓厚，奶味香浓。）	
row	pron	好	[hou2]		[hou2] 好，非常，很〈形/副〉	
row	sentence	好			例句：呢個煲仔飯好好食。（ni1 go3 bou1 zai2 faan6 hou2 hou2 sik6.）（这个煲仔饭很好吃。）	
row	sentence	好			例句：今日天氣好正。（gam1 jat6 tin1 hei3 hou2 zeng3.）（今天天气太棒了。）	
row	pron	好似	[hou2 ci5]		[hou2 ci5] 好像，似乎〈动/副〉	
row	sentence	好似			例句：出面好似落緊雨。（ceot1 min6 hou2 ci5 lok6 gan2 jyu5.）（外面好像在下雨。）	
row	sentence	好似			例句：佢好似唔係好開心。（keoi5 hou2 ci5 m4 hai6 hou2 hoi1 sam1.）（他看起来好像不太开心。）	
row	pron	好彩	[hou2 coi2]		[hou2 coi2] 幸好，幸运，走运〈副/形〉	
row	sentence	好彩			例句：好彩帶咗遮，唔係就淋濕晒。（hou2 coi2 daai3 zo2 ze1, m4 hai6 zau6 lam4 sap1 saai3.）（幸好带了伞，不然就全淋湿了。）	
row	sentence	好彩			例句：真係好彩，咁都畀你搵到。（zan1 hai6 hou2 coi2, gam3 dou1 bei2 nei5 wan2 dou2.）（真的很走运，这样都被你找到了。）	
row	pron	如果	[jyu4 gwo2]		[jyu4 gwo2] 如果，假如〈连〉	
row	sentence	如果			例句：如果得閒就過嚟坐下。（jyu4 gwo2 dak1 haan4 zau6 gwo3 lai4 co5 haa5.）（如果有空就过来坐坐。）	
row	sentence	如果			例句：如果有問題隨時問我。（jyu4 gwo2 jau5 man6 tai4 ceoi4 si4 man6 ngo5.）（如果有什么问题随时问我。）	
row	pron	婆婆	[po4 po2]		[po4 po2] 外婆，姥姥；老奶奶〈名〉	
row	sentence	婆婆			例句：婆婆煮嘅餸好合我胃口。（po4 po2 zyu2 ge3 sung3 hou2 hap6 ngo5 wai6 hau2.）（外婆做的饭菜很对我的胃口。）	
row	sentence	婆婆			例句：扶婆婆過馬路。（fu4 po4 po2 gwo3 maa5 lou6.）（搀扶老奶奶过马路。）	
row	pron	孤寒	[gu1 hon4]		[gu1 hon4] 吝啬，小气〈形〉	
row	sentence	孤寒			例句：佢好有錢，但平時好孤寒。（keoi5 hou2 jau5 cin2, daan6 ping4 si4 hou2 gu1 hon4.）（他很有钱，但平时非常小气吝啬。）	
row	sentence	孤寒			例句：出嚟食飯唔好咁孤寒啦。（ceot1 lai4 sik6 faan6 m4 hou2 gam3 gu1 hon4 laa1.）（出来吃饭不要这么抠门小气啦。）	
row	pron	孭鑊	[me1 wok6]		[me1 wok6] 背锅，承担责任，为过失买单〈动〉	
row	sentence	孭鑊			例句：項目搞砸咗，老細要經理出嚟孭鑊。（hong6 muk6 gaau2 zaap3 zo2, lou5 sai3 jiu3 ging1 lei5 ceot1 lai4 me1 wok6.）（项目搞砸了，老板要经理出来背锅顶雷。）	
row	sentence	孭鑊			例句：係我嘅責任我就敢於孭鑊。（hai6 ngo5 ge3 zaak3 jam4 ngo5 zau6 gam2 jyu1 me1 wok6.）（是我的责任我就敢于担当承担。）	
row	pron	定	[ding6]		[ding6] 预先，提前〈助/副〉	
row	sentence	定			例句：買定聽日嘅火車飛。（maai5 ding6 ting1 jat6 ge3 fo2 ce1 fei1.）（提前买好明天的火车票。）	
row	sentence	定			例句：準備定資料開會。（zeon2 bei6 ding6 zi1 liu2 hoi1 wui2.）（提前准备好资料去开会。）	
row	pron	客氣	[haak3 hei3]		[haak3 hei3] 客气，礼貌谦逊〈形/动〉	
row	sentence	客氣			例句：大家咁熟，唔使咁客氣啦！（daai6 gaa1 gam3 suk6, m4 sai2 gam3 haak3 hei3 laa1!）（大家这么熟络，不用这么见外客气啦！）	
row	sentence	客氣			例句：佢份人好隨和，對客好客氣。（keoi5 fan6 jan4 hou2 ceoi4 wo4, deoi3 haak3 hou2 haak3 hei3.）（他为人很随和，对客人非常客气。）	
row	pron	宵夜	[siu1 je2]		[siu1 je2] 夜宵，宵夜〈名〉	
row	sentence	宵夜			例句：今晚去唔去食宵夜啊？（gam1 maan5 heoi3 m4 heoi3 sik6 siu1 je2 aa3?）（今晚去不去吃夜宵啊？）	
row	sentence	宵夜			例句：食完宵夜散下步先瞓。（sik6 jyun4 siu1 je2 saan3 haa5 bou6 sin1 fan3.）（吃完夜宵散散步再睡。）	
row	pron	寫字樓	[se2 zi6 lau4]		[se2 zi6 lau4] 写字楼，办公室〈名〉	
row	sentence	寫字樓			例句：我哋公司嘅寫字樓喺中環。（ngo5 dei6 gung1 si1 ge3 se2 zi6 lau4 hai2 zung1 waan4.）（我们公司的写字楼在中环。）	
row	sentence	寫字樓			例句：寫字樓環境好闊落。（se2 zi6 lau4 waan4 ging2 hou2 fut3 lok6.）（写字楼环境很宽敞。）	
row	pron	小姐	[siu2 ze2]		[siu2 ze2] 小姐，女士〈名〉	
row	sentence	小姐			例句：李小姐，請呢邊坐。（lei5 siu2 ze2, cing2 ni1 bin1 co5.）（李小姐，请这边坐。）	
row	sentence	小姐			例句：呢位小姐，你跌咗銀包。（ni1 wai2 siu2 ze2, nei5 dit3 zo2 ngan4 baau1.）（这位小姐，你掉了钱包。）	
row	pron	少	[siu2]		[siu2] 少〈形/数〉	
row	sentence	少			例句：我放假嘅時間好少。（ngo5 fong3 gaa3 ge3 si4 gaan3 hou2 siu2.）（我放假的时间很少。）	
row	sentence	少			例句：畀少少鹽就夠。（bei2 siu2 siu2 jim4 zau6 gau3.）（放一点点盐就够了。）	
row	pron	屋企	[uk1 kei2]		[uk1 kei2] 家里，家〈名〉	
row	sentence	屋企			例句：我喺屋企睇電視。（ngo5 hai2 uk1 kei2 tai2 din6 si6.）（我在家里看电视。）	
row	sentence	屋企			例句：你屋企喺邊度啊？（nei5 uk1 kei2 hai2 bin1 dou6 aa3?）（你家在哪里呀？）	
row	pron	屋企人	[uk1 kei2 jan4]		[uk1 kei2 jan4] 家人，家里人〈名〉	
row	sentence	屋企人			例句：放假返去陪下屋企人。（fong3 gaa3 faan1 heoi3 pui4 haa5 uk1 kei2 jan4.）（放假回去陪陪家里人。）	
row	sentence	屋企人			例句：佢好孝順屋企人。（keoi5 hou2 haau3 seon6 uk1 kei2 jan4.）（他很孝顺家人。）	
row	pron	巴士	[baa1 si2]		[baa1 si2] 公共汽车，公交车〈名〉	
row	sentence	巴士			例句：下一班巴士仲有十分鐘到。（haa6 jat1 baan1 baa1 si2 zung6 jau5 sap6 fan1 zung1 dou3.）（下一趟公交车还有十分钟到。）	
row	sentence	巴士			例句：香港嘅雙層巴士好有特色。（hoeng1 gong2 ge3 soeng1 cang4 baa1 si2 hou2 jau5 dak6 sik1.）（香港的双层巴士很有特色。）	
row	pron	巴閉	[baa1 bai3]		[baa1 bai3] 了不起，嚣张，排场大（多含讽刺调侃）〈形〉	
row	sentence	巴閉			例句：有咩咁巴閉啊？使唔使咁寸！（jau5 me1 gam3 baa1 bai3 aa3? sai2 m4 sai2 gam3 cyun3!）（有什么了不起的？用不用这么嚣张傲慢！）	
row	sentence	巴閉			例句：聽講佢今次升職升得好巴閉。（teng1 gong2 keoi5 gam1 ci3 sing1 zik1 sing1 dak1 hou2 baa1 bai3.）（听说他这次升职升得非常风光显赫。）	
row	pron	幫	[bong1]		[bong1] 帮助，替〈动/介〉	
row	sentence	幫			例句：唔該你幫幫手。（m4 goi1 nei5 bong1 bong1 sau2.）（麻烦你帮帮忙。）	
row	sentence	幫			例句：你可以幫我買份報紙嗎？（nei5 ho2 ji5 bong1 ngo5 maai5 fan6 bou3 zi2 maa3?）（你可以帮我买份报纸吗？）	
row	pron	平	[peng4]		[peng4] 便宜，平价〈形〉	
row	sentence	平			例句：呢度啲菜好平。（ni1 dou6 di1 coi3 hou2 peng4.）（这里的菜很便宜。）	
row	sentence	平			例句：老闆，可唔可以平少少？（lou5 baan2, ho2 m4 ho2 ji5 peng4 siu2 siu2?）（老板，能不能便宜一点点？）	
row	pron	幾多	[gei2 do1]		[gei2 do1] 多少〈数/代〉	
row	sentence	幾多			例句：呢杯奶茶幾多錢？（ni1 bui1 naai5 caa4 gei2 do1 cin2?）（这杯奶茶多少钱？）	
row	sentence	幾多			例句：你今年幾多歲啊？（nei5 gam1 nin4 gei2 do1 seoi3 aa3?）（你今年多大年纪呀？）	
row	pron	幾時	[gei2 si4]		[gei2 si4] 什么时候，何时〈名/代〉	
row	sentence	幾時			例句：你幾時放假啊？（nei5 gei2 si4 fong3 gaa3 aa3?）（你什么时候放假呀？）	
row	sentence	幾時			例句：我哋幾時出發？（ngo5 dei6 gei2 si4 ceot1 faat3?）（我们什么时候出发？）	
row	pron	後日	[hau6 jat6]		[hau6 jat6] 后天〈名〉	
row	sentence	後日			例句：後日我就要出差。（hau6 jat6 ngo5 zau6 jiu3 ceot1 caai1.）（后天我就要出差了。）	
row	sentence	後日			例句：後日係佢生日。（hau6 jat6 hai6 keoi5 saang1 jat6.）（后天是他生日。）	
row	pron	得	[dak1]		[dak1] 行，可以；得到〈动/助〉	
row	sentence	得			例句：噉樣做得唔得啊？（gam2 joeng2 zou6 dak1 m4 dak1 aa3?）（这样做行不行啊？）	
row	sentence	得			例句：放心，一定得嘅！（fong3 sam1, jat1 ding6 dak1 ge3!）（放心，一定行的！）	
row	pron	得啖笑	[dak1 daam6 siu3]		[dak1 daam6 siu3] 惹人发笑，仅博一粲，荒谬可笑〈动/形〉	
row	sentence	得啖笑			例句：呢啲謠言聽下就算，得啖笑。（ni1 di1 jiu4 jin4 teng1 haa5 zau6 syun3, dak1 daam6 siu3.）（这些谣言听听就算了，纯粹惹人发笑。）	
row	sentence	得啖笑			例句：搞咁多嘢出嚟最後都係得啖笑。（gaau2 gam3 do1 je5 ceot1 lai4 zeoi3 hau6 dou1 hai6 dak1 daam6 siu3.）（折腾出这么多名堂最后也只是沦为笑柄。）	
row	pron	得閒	[dak1 haan4]		[dak1 haan4] 有空，闲暇〈形〉	
row	sentence	得閒			例句：你周末得唔得閒？（nei5 zau1 mut6 dak1 m4 dak1 haan4?）（你周末有没有空？）	
row	sentence	得閒			例句：得閒出嚟飲茶啦！（dak1 haan4 ceot1 lai4 jam2 caa4 laa1!）（有空出来喝早茶啊！）	
row	pron	心悒	[sam1 jap1]		[sam1 jap1] 心里难过，酸楚，揪心心疼〈形〉	
row	sentence	心悒			例句：見到佢生活咁艱難，睇到人心悒。（gin3 dou2 keoi5 sang1 wut6 gam3 gaan1 naan4, tai2 dou2 jan4 sam1 jap1.）（看到他生活这么艰辛，看得人心里阵阵酸楚。）	
row	sentence	心悒			例句：唔好諗咁多令人心悒嘅事。（m4 hou2 nam2 gam3 do1 ling6 jan4 sam1 jap1 ge3 si6.）（别想那么多让人心里难过的事情。）	
row	pron	心慌	[sam1 fong1]		[sam1 fong1] 心里发慌，恐慌不安〈形〉	
row	sentence	心慌			例句：未做完功課，心慌慌。（mei6 zou6 jyun4 gung1 fo3, sam1 fong1 fong1.）（还没做完功课，心里发慌。）	
row	sentence	心慌			例句：定啲嚟，唔好心慌。（ding6 di1 lai4, m4 hou2 sam1 fong1.）（镇定点，别心里发慌。）	
row	pron	心水	[sam1 seoi2]		[sam1 seoi2] 中意，喜爱，中意的选择〈名/形〉	
row	sentence	心水			例句：呢部車係我嘅心水之選。（ni1 bou6 ce1 hai6 ngo5 ge3 sam1 seoi2 zi1 syun2.）（这部车是我的心仪之选。）	
row	sentence	心水			例句：合唔合你心水啊？（hap6 m4 hap6 nei5 sam1 seoi2 aa3?）（合不合你的心意呀？）	
row	pron	心痛	[sam1 tung3]		[sam1 tung3] 心疼，惋惜伤心〈动/形〉	
row	sentence	心痛			例句：部新電話跌爛咗，好心痛啊！（bou6 san1 din6 waa2 dit3 laan6 zo2, hou2 sam1 tung3 aa3!）（新手机摔烂了，好心疼啊！）	
row	sentence	心痛			例句：見到佢咁辛苦，大家都好心痛。（gin3 dou2 keoi5 gam3 san1 fu2, daai6 gaa1 dou1 hou2 sam1 tung3.）（看到他这么辛苦，大家都很心疼。）	
row	pron	快	[faai3]		[faai3] 快，快速〈形/副〉	
row	sentence	快			例句：快啲啦，就嚟遲到喇！（faai3 di1 laa1, zau6 lai4 ci4 dou3 laa3!）（快点啦，快要迟到了！）	
row	sentence	快			例句：搭高鐵好快就到。（daap3 gou1 tit3 hou2 faai3 zau6 dou3.）（坐高铁很快就到了。）	
row	pron	急	[gap1]		[gap1] 急，急切，着急〈形〉	
row	sentence	急			例句：慢慢嚟，唔好咁急。（maan6 maan6 lai4, m4 hou2 gam3 gap1.）（慢慢来，别这么着急。）	
row	sentence	急			例句：件事好急，要即刻處理。（gin6 si6 hou2 gap1, jiu3 zik1 hak1 cyu2 lei5.）（事情非常紧急，要立刻处理。）	
row	pron	感冒	[gam2 mou6]		[gam2 mou6] 感冒，患伤风〈名/动〉	
row	sentence	感冒			例句：轉季天氣好易感冒。（zyun2 gwai3 tin1 hei3 hou2 ji3 gam2 mou6.）（换季时节很容易感冒。）	
row	sentence	感冒			例句：感冒要多飲溫水多休息。（gam2 mou6 jiu3 do1 jam2 wan1 seoi2 do1 jau1 sik1.）（感冒要多喝温水多休息。）	
row	pron	慢	[maan6]		[maan6] 慢，缓慢〈形/副〉	
row	sentence	慢			例句：慢慢食，唔好急。（maan6 maan6 sik6, m4 hou2 gap1.）（慢慢吃，别着急。）	
row	sentence	慢			例句：網速好慢。（mong5 cuk1 hou2 maan6.）（网速很慢。）	
row	pron	慢慢行	[maan6 maan6 haang4]		[maan6 maan6 haang4] 慢走（送客礼貌用语）〈短语〉	
row	sentence	慢慢行			例句：食飽喇？慢慢行啦，得閒再嚟坐。（sik6 baau2 laa3? maan6 maan6 haang4 laa1, dak1 haan4 zoi3 lai4 co5.）（吃饱啦？慢走啊，有空常来坐。）	
row	sentence	慢慢行			例句：夜深路黑，慢慢行小心睇路。（je6 sam1 lou6 hak1, maan6 maan6 haang4 siu2 sam1 tai2 lou6.）（夜深天黑，慢走小心看路。）	
row	pron	慳	[haan1]		[haan1] 省，节省，节约〈动〉	
row	sentence	慳			例句：慳得一蚊得一蚊。（haan1 dak1 jat1 man1 dak1 jat1 man1.）（能省一块钱是一块钱。）	
row	sentence	慳			例句：慳水慳電，人人有責。（haan1 seoi2 haan1 din6, jan4 jan4 jau5 zaak3.）（节约水电，人人有责。）	
row	pron	憎	[zang1]		[zang1] 讨厌，厌恶，憎恨〈动〉	
row	sentence	憎			例句：我最憎人講大話。（ngo5 zeoi3 zang1 jan4 gong2 daai6 waa6.）（我最讨厌别人撒谎说谎。）	
row	sentence	憎			例句：唔好成日憎呢個憎嗰個。（m4 hou2 seng4 jat6 zang1 ni1 go3 zang1 go2 go3.）（不要整天讨厌这个厌烦那个。）	
row	pron	應酬	[jing3 cau4]		[jing3 cau4] 应酬，商务交际与聚餐〈动/名〉	
row	sentence	應酬			例句：今晚老細要帶我去應酬客戶。（gam1 maan5 lou5 sai3 jiu3 daai3 ngo5 heoi3 jing3 cau4 haak3 wu6.）（今晚老板要带我去应酬客户。）	
row	sentence	應酬			例句：應酬太多真係好傷身。（jing3 cau4 taai3 do1 zan1 hai6 hou2 soeng1 san1.）（应酬太多真的很伤身体。）	
row	pron	我	[ngo5]		[ngo5] 我〈代〉	
row	sentence	我			例句：我係廣東人。（ngo5 hai6 gwong2 dung1 jan4.）（我是广东人。）	
row	sentence	我			例句：我今日好得閒。（ngo5 gam1 jat6 hou2 dak1 haan4.）（我今天很有空。）	
row	pron	我哋	[ngo5 dei6]		[ngo5 dei6] 我们〈代〉	
row	sentence	我哋			例句：我哋一齊去飲茶啦。（ngo5 dei6 jat1 cai4 heoi3 jam2 caa4 laa1.）（我们一起去喝早茶吧。）	
row	sentence	我哋			例句：我哋聽日再傾。（ngo5 dei6 ting1 jat6 zoi3 king1.）（我们明天再聊。）	
row	pron	所以	[so2 ji5]		[so2 ji5] 所以，因此〈连〉	
row	sentence	所以			例句：今日放假，所以唔使返工。（gam1 jat6 fong3 gaa3, so2 ji5 m4 sai2 faan1 gung1.）（今天放假，所以不用上班。）	
row	sentence	所以			例句：佢好勤力，所以成績好。（keoi5 hou2 kan4 lik6, so2 ji5 sing4 zik1 hou2.）（他很勤奋，因此成绩优异。）	
row	pron	手信	[sau2 seon3]		[sau2 seon3] 伴手礼，特产礼物，纪念品〈名〉	
row	sentence	手信			例句：去完澳門買咗啲杏仁餅做手信。（heoi3 jyun4 ou3 mun2 maai5 zo2 di1 hang6 jan4 beng2 zou6 sau2 seon3.）（去完澳门买了些杏仁饼作为伴手礼。）	
row	sentence	手信			例句：多謝你帶咁靚嘅手信畀我！（do1 ze6 nei5 daai3 gam3 leng3 ge3 sau2 seon3 bei2 ngo5!）（多谢你带这么棒的伴手礼给我！）	
row	pron	手足	[sau2 zuk1]		[sau2 zuk1] 手足，兄弟，同伴〈名〉	
row	sentence	手足			例句：情同手足，互相關照。（cing4 tung4 sau2 zuk1, wu6 soeng1 gwaan1 ziu3.）（情同手足，互相关照。）	
row	sentence	手足			例句：有咩事大家手足一齊承擔。（jau5 me1 si6 daai6 gaa1 sau2 zuk1 jat1 cai4 sing4 daam1.）（有什么事情大家兄弟一起承担。）	
row	pron	手頭緊	[sau2 tau4 gan2]		[sau2 tau4 gan2] 手头紧，资金周转拮据〈形〉	
row	sentence	手頭緊			例句：最近交完租，手頭有少少緊。（zeoi3 gan6 gaau1 jyun4 zou1, sau2 tau4 jau5 siu2 siu2 gan2.）（最近刚交完房租，手头有点紧巴巴的。）	
row	sentence	手頭緊			例句：如果手頭緊就同我講聲。（jyu4 gwo2 sau2 tau4 gan2 zau6 tung4 ngo5 gong2 seng1.）（如果手头紧就跟我说一声。）	
row	pron	打包	[daa2 baau1]		[daa2 baau1] 打包（吃不完带走）〈动〉	
row	sentence	打包			例句：食唔晒嘅餸唔好浪費，打包帶走。（sik6 m4 saai3 ge3 sung3 m4 hou2 long6 fai3, daa2 baau1 daai3 zau2.）（吃不完的菜不要浪费，打包带走。）	
row	sentence	打包			例句：唔該畀個外賣盒我打包。（m4 goi1 bei2 go3 ngoi6 maai6 hap6 ngo5 daa2 baau1.）（麻烦给我一个外卖盒打包。）	
row	pron	打工仔	[daa2 gung1 zai2]		[daa2 gung1 zai2] 打工者，上班族〈名〉	
row	sentence	打工仔			例句：打工仔最緊要準時放工。（daa2 gung1 zai2 zeoi3 gan2 jiu3 zeon2 si4 fong3 gung1.）（打工人最重要准时下班。）	
row	sentence	打工仔			例句：我哋普通打工仔好勤力。（ngo5 dei6 pou2 tung1 daa2 gung1 zai2 hou2 kan4 lik6.）（我们普通打工人很勤快。）	
row	pron	打蛇隨棍上	[daa2 se4 ceoi4 gwan3 soeng5]		[daa2 se4 ceoi4 gwan3 soeng5] 顺水推舟，就坡下驴，借机顺势而为〈熟语〉	
row	sentence	打蛇隨棍上			例句：見老細心情好，佢就打蛇隨棍上要求加人工。（gin3 lou5 sai3 sam1 cing4 hou2, keoi5 zau6 daa2 se4 ceoi4 gwan3 soeng5 jiu1 kau4 gaa1 jan4 gung1.）（见老板心情好，他就顺水推舟要求加薪。）	
row	sentence	打蛇隨棍上			例句：做生意要懂得打蛇隨棍上。（zou6 saang1 ji3 jiu3 dung2 dak1 daa2 se4 ceoi4 gwan3 soeng5.）（做生意要懂得顺势而为把握机会。）	
row	pron	打風	[daa2 fung1]		[daa2 fung1] 刮台风，刮大风〈动〉	
row	sentence	打風			例句：聽日可能掛八號風球打風。（ting1 jat6 ho2 nang4 gwaa3 baat3 hou6 fung1 kau4 daa2 fung1.）（明天可能挂八号风球刮台风。）	
row	sentence	打風			例句：打風期間留喺屋企最安全。（daa2 fung1 kei4 gaan1 lau4 hai2 uk1 kei2 zeoi3 on1 cyun4.）（台风期间待在家里最安全。）	
row	pron	打骰	[daa2 sik1]		[daa2 sik1] 主持大局，掌管，拿主意〈动〉	
row	sentence	打骰			例句：呢個項目由陳經理打骰。（ni1 go3 hong6 muk6 jau4 can4 ging1 lei5 daa2 sik1.）（这个项目由陈经理主持大局掌管。）	
row	sentence	打骰			例句：屋企大事小事都係阿媽打骰。（uk1 kei2 daai6 si6 siu2 si6 dou1 hai6 aa3 maa1 daa2 sik1.）（家里大事小情都是妈妈拿主意。）	
row	pron	托塔都掂	[tok3 taap3 dou1 dim6]		[tok3 taap3 dou1 dim6] 无论多难的事都能办成，绝对没问题〈熟语〉	
row	sentence	托塔都掂			例句：有佢幫手，托塔都掂啦！（jau5 keoi5 bong1 sau2, tok3 taap3 dou1 dim6 laa1!）（有他帮忙，不管多难的事都绝对搞得定！）	
row	sentence	托塔都掂			例句：放心交畀我，托塔都掂！（fong3 sam1 gaau1 bei2 ngo5, tok3 taap3 dou1 dim6!）（放心交给我，绝对稳妥搞定！）	
row	pron	扭計	[nau2 gai2]		[nau2 gai2] 耍脾气，闹别扭（多指小孩撒娇哭闹）〈动〉	
row	sentence	扭計			例句：小朋友想買玩具就喺度扭計。（siu2 pang4 jau5 soeng2 maai5 wun6 geoi6 zau6 hai2 dou6 nau2 gai2.）（小朋友想买玩具就在那里闹别扭哭闹。）	
row	sentence	扭計			例句：乖啦，唔好再扭計喇。（gwaai1 laa1, m4 hou2 zoi3 nau2 gai2 laa3.）（乖啦，不要再闹脾气了。）	
row	pron	扮嘢	[baan6 je5]		[baan6 je5] 装模作样，装蒜，耍花样〈动〉	
row	sentence	扮嘢			例句：你唔好喺度扮嘢啦，我都知真相。（nei5 m4 hou2 hai2 dou6 baan6 je5 laa1, ngo5 dou1 zi1 zan1 soeng3.）（你别在这里装模作样了，我早就知道真相。）	
row	sentence	扮嘢			例句：佢最叻就係喺老細面前扮勤力。（keoi5 zeoi3 lek1 zau6 hai6 hai2 lou5 sai3 min6 cin4 baan6 kan4 lik6.）（他最拿手的就是在老板面前装勤快。）	
row	pron	扮豬食老虎	[baan6 zyu1 sik6 lou5 fu2]		[baan6 zyu1 sik6 lou5 fu2] 装傻充愣，故意示弱以麻痹对手暗中取胜〈熟语〉	
row	sentence	扮豬食老虎			例句：佢表面好老實，其實係扮豬食老虎。（keoi5 biu1 min6 hou2 lou5 sat6, kei4 sat6 hai6 baan6 zyu1 sik6 lou5 fu2.）（他表面上很老实，其实是在扮猪吃老虎。）	
row	sentence	扮豬食老虎			例句：商場競爭對手最叻扮豬食老虎。（soeng1 coeng4 ging6 zang1 deoi3 sau2 zeoi3 lek1 baan6 zyu1 sik6 lou5 fu2.）（商场竞争对手最擅长装弱示好暗度陈仓。）	
row	pron	扯貓尾	[ce2 maau1 mei5]		[ce2 maau1 mei5] 唱双簧，串通一气，暗中合谋互相掩护演戏〈熟语〉	
row	sentence	扯貓尾			例句：佢哋兩個喺度扯貓尾呃人。（keoi5 dei6 loeng5 go3 hai2 dou6 ce2 maau1 mei5 ngaak1 jan4.）（他们两个在那唱双簧合伙骗人。）	
row	sentence	扯貓尾			例句：咪喺我面前扯貓尾啦，我睇穿晒。（mai5 hai2 ngo5 min6 cin4 ce2 maau1 mei5 laa1, ngo5 tai2 cyun1 saai3.）（别在我面前演双簧了，我全看穿了。）	
row	pron	找錢	[zaau2 cin2]		[zaau2 cin2] 找零钱〈动〉	
row	sentence	找錢			例句：收你一百蚊，找返廿蚊畀你。（sau1 nei5 jat1 baak3 man1, zaau2 faan1 jaa6 man1 bei2 nei5.）（收你一百元，找你二十元。）	
row	sentence	找錢			例句：唔該找多個五毫子畀我。（m4 goi1 zaau2 do1 go3 ng5 hou4 zi2 bei2 ngo5.）（麻烦找我一个五毛钱硬币。）	
row	pron	抵	[dai2]		[dai2] 划算，值，合算〈形〉	
row	sentence	抵			例句：買一送一真係抵！（maai5 jat1 sung3 jat1 zan1 hai6 dai2!）（买一送一真的很划算！）	
row	sentence	抵			例句：平靚正，超抵！（peng4 leng3 zeng3, ciu1 dai2!）（又便宜又好，超级划算！）	
row	pron	抹窗	[maat3 coeng1]		[maat3 coeng1] 擦窗户〈动〉	
row	sentence	抹窗			例句：新年大掃除，一齊抹窗。（san1 nin4 daai6 siu3 ceoi4, jat1 cai4 maat3 coeng1.）（过年大扫除，一起擦窗户。）	
row	sentence	抹窗			例句：隻窗抹得好乾淨。（zek3 coeng1 maat3 dak1 hou2 gon1 zeng6.）（窗户擦得非常干净。）	
row	pron	拖地	[to1 dei6]		[to1 dei6] 拖地〈动〉	
row	sentence	拖地			例句：啱啱拖完地，地下好跣小心行。（ngaam1 ngaam1 to1 jyun4 dei6, dei6 haa2 hou2 sin2 siu2 sam1 haang4.）（刚拖完地，地上很滑小心走。）	
row	sentence	拖地			例句：拖乾淨個客廳。（to1 gon1 zeng6 go3 haak3 teng1.）（把客厅拖干净。）	
row	pron	拖板	[to1 baan2]		[to1 baan2] 接线板，插线板，排插〈名〉	
row	sentence	拖板			例句：插頭唔夠用，買個多功能拖板。（caap3 tau4 m4 gau3 jung6, maai5 go3 do1 gung1 nang4 to1 baan2.）（插头不够用，买个多功能接线板。）	
row	sentence	拖板			例句：唔好喺同一個拖板插太多大功率電器。（m4 hou2 hai2 tung4 jat1 go3 to1 baan2 caap3 taai3 do1 daai6 gung1 lik6 din6 hei3.）（不要在同一个接线板插太多大功率电器。）	
row	pron	拜拜	[baai1 baai3]		[baai1 baai3] 再见，拜拜〈叹〉	
row	sentence	拜拜			例句：聽日見啦，拜拜！（ting1 jat6 gin3 laa1, baai1 baai3!）（明天见啦，拜拜！）	
row	sentence	拜拜			例句：大家拜拜，路上小心！（daai6 gaa1 baai1 baai3, lou6 soeng6 siu2 sam1!）（大家再见，路上当心！）	
row	pron	掃地	[sou3 dei6]		[sou3 dei6] 扫地〈动〉	
row	sentence	掃地			例句：地下好多頭髮，幫手掃地。（dei6 haa2 hou2 do1 tau4 faat3, bong1 sau2 sou3 dei6.）（地上很多头发，帮忙扫一下地。）	
row	sentence	掃地			例句：每日朝早掃一次地。（mui5 jat6 ziu1 zou2 sou3 jat1 ci3 dei6.）（每天早晨扫一次地。）	
row	pron	排骨	[paai4 gwat1]		[paai4 gwat1] 豉汁蒸排骨〈名〉	
row	sentence	排骨			例句：呢籠豉汁蒸排骨好爽口。（ni1 lung4 si6 zap1 zing1 paai4 gwat1 hou2 song2 hau2.）（这笼豉汁蒸排骨很脆爽入味。）	
row	sentence	排骨			例句：排骨墊底嘅芋頭好好食。（paai4 gwat1 din3 dai2 ge3 wu6 tau4 hou2 hou2 sik6.）（排骨垫底的芋头非常好吃。）	
row	pron	搏命	[bok3 meng6]		[bok3 meng6] 拼命，极度卖力，全力以赴〈动〉	
row	sentence	搏命			例句：為咗買樓，佢日日搏命加班。（wai6 zo2 maai5 lau2, keoi5 jat6 jat6 bok3 meng6 gaa1 baan1.）（为了买房，他天天拼命加班。）	
row	sentence	搏命			例句：搏命做嘢都要顧及身體健康。（bok3 meng6 zou6 je5 dou1 jiu3 gu3 kap6 san1 tai2 gin6 hong1.）（拼命工作也要顾及身体健康。）	
row	pron	搞	[gaau2]		[gaau2] 搞，弄，办〈动〉	
row	sentence	搞			例句：呢個活動搞得好成功。（ni1 go3 wut6 dung6 gaau2 dak1 hou2 sing4 gung1.）（这个活动办得很成功。）	
row	sentence	搞			例句：你唔好喺度搞搞震啦！（nei5 m4 hou2 hai2 dou6 gaau2 gaau2 zan3 laa1!）（你别在这里捣乱啦！）	
row	pron	搞掂	[gaau2 dim6]		[gaau2 dim6] 办妥，弄好，搞定〈动〉	
row	sentence	搞掂			例句：份報告我已經搞掂咗。（fan6 baau3 gou3 ngo5 ji5 ging1 gaau2 dim6 zo2.）（那份报告我已经搞定了。）	
row	sentence	搞掂			例句：放心啦，一陣就搞掂！（fong3 sam1 laa1, jat1 zan6 zau6 gaau2 dim6!）（放心吧，一会儿就办妥！）	
row	pron	搞生意	[gaau2 saang1 ji3]		[gaau2 saang1 ji3] 做生意，创业经商〈动〉	
row	sentence	搞生意			例句：佢同幾個朋友夾份搞生意。（keoi5 tung4 gei2 go3 pang4 jau5 gaap3 fan6 gaau2 saang1 ji3.）（他和几个朋友合伙做生意。）	
row	sentence	搞生意			例句：搞生意要講眼光同信用。（gaau2 saang1 ji3 jiu3 gong2 ngaan5 gwong1 tung4 seon3 jung6.）（做生意讲究眼光和信用。）	
row	pron	搭枱	[daap3 toi2]		[daap3 toi2] 拼桌，与陌生人共用一张桌子〈动〉	
row	sentence	搭枱			例句：唔好意思，先生，介唔介意搭枱？（m4 hou2 ji3 si3, sin1 saang1, gaai3 m4 gaai3 ji3 daap3 toi2?）（不好意思，先生，介意拼桌吗？）	
row	sentence	搭枱			例句：繁忙時間茶樓經常要搭枱。（faan4 mong4 si4 gaan3 caa4 lau4 ging1 soeng4 jiu3 daap3 toi2.）（高峰时间茶楼经常要拼桌。）	
row	pron	搭車	[daap3 ce1]		[daap3 ce1] 坐车，乘车〈动〉	
row	sentence	搭車			例句：我平時搭地鐵返工。（ngo5 ping4 si4 daap3 dei6 tit3 faan1 gung1.）（我平时坐地铁上班。）	
row	sentence	搭車			例句：搭巴士定係搭的士啊？（daap3 baa1 si2 ding6 hai6 daap3 dik1 si2 aa3?）（坐公交车还是打出租车？）	
row	pron	搵	[wan2]		[wan2] 找，寻找，挣（钱）〈动〉	
row	sentence	搵			例句：你喺度搵緊咩啊？（nei5 hai2 dou6 wan2 gan2 me1 aa3?）（你在找什么呢？）	
row	sentence	搵			例句：努力返工搵錢養家。（nou5 lik6 faan1 gung1 wan2 cin2 joeng5 gaa1.）（努力上班挣钱养家。）	
row	pron	摺衫	[zip3 saam1]		[zip3 saam1] 叠衣服〈动〉	
row	sentence	摺衫			例句：啲衫乾咗，收返入嚟摺衫。（di1 saam1 gon1 zo2, sau1 faan1 jap6 lai4 zip3 saam1.）（衣服干了，收进来叠衣服。）	
row	sentence	摺衫			例句：細路仔都要學識自己摺衫。（sai3 lou6 zai2 dou1 jiu3 hok6 sik1 zi6 gei2 zip3 saam1.）（小孩子也要学会自己叠衣服。）	
row	pron	撐枱腳	[caang1 toi2 goek3]		[caang1 toi2 goek3] 二人共进晚餐（通常指情侣或夫妻共度浪漫晚餐）〈动〉	
row	sentence	撐枱腳			例句：今晚情人節，同女朋友去西餐廳撐枱腳。（gam1 maan5 cing4 jan4 zit3, tung4 neoi5 pang4 jau5 heoi3 sai1 caan1 teng1 caang1 toi2 goek3.）（今晚情人节，和女朋友去西餐厅共进浪漫晚餐。）	
row	sentence	撐枱腳			例句：兩公婆耐唔耐都要出嚟撐下枱腳。（loeng5 gung1 po4 noi6 m4 noi6 dou1 jiu3 ceot1 lai4 caang1 haa5 toi2 goek3.）（两夫妻隔三岔五也得出来吃个浪漫二人餐。）	
row	pron	攞	[lo2]		[lo2] 拿，取〈动〉	
row	sentence	攞			例句：幫我攞張紙巾過嚟。（bong1 ngo5 lo2 zoeng1 zi2 gan1 gwo3 lai4.）（帮我拿张纸巾过来。）	
row	sentence	攞			例句：我去快遞櫃攞件。（ngo5 heoi3 faai3 dai6 gwai6 lo2 gin6.）（我去快递柜拿快递。）	
row	pron	攰	[gui6]		[gui6] 累，疲乏〈形〉	
row	sentence	攰			例句：返咗成日工，好攰。（faan1 zo2 seng4 jat6 gung1, hou2 gui6.）（上了一整天班，好累。）	
row	sentence	攰			例句：攰就早啲休息啦。（gui6 zau6 zou2 di1 jau1 sik1 laa1.）（累了就早点休息吧。）	
row	pron	放學	[fong3 hok6]		[fong3 hok6] 放学〈动〉	
row	sentence	放學			例句：放學之後記住早啲返屋企。（fong3 hok6 zi1 hau6 gei3 zyu6 zou2 di1 faan1 uk1 kei2.）（放学之后记得早点回家。）	
row	sentence	放學			例句：學校門口好多家長等放學。（hok6 haau6 mun4 hau2 hou2 do1 gaa1 zoeng2 dang2 fong3 hok6.）（学校门口很多家长等放学。）	
row	pron	放工	[fong3 gung1]		[fong3 gung1] 下班〈动〉	
row	sentence	放工			例句：放工一齊去食飯啦！（fong3 gung1 jat1 cai4 heoi3 sik6 faan6 laa1!）（下班一起去吃饭吧！）	
row	sentence	放工			例句：佢今日好夜先放工。（keoi5 gam1 jat6 hou2 je6 sin1 fong3 gung1.）（他今天很晚才下班。）	
row	pron	放心	[fong3 sam1]		[fong3 sam1] 放心〈动/形〉	
row	sentence	放心			例句：交畀佢做，你可以完全放心。（gaau1 bei2 keoi5 zou6, nei5 ho2 ji5 jyun4 cyun4 fong3 sam1.）（交给他做，你可以完全放心。）	
row	sentence	放心			例句：聽到佢平安到達，大家都放心晒。（teng1 dou2 keoi5 ping4 on1 dou3 daat6, daai6 gaa1 dou1 fong3 sam1 saai3.）（听到他平安到达，大家都彻底放心了。）	
row	pron	放飛機	[fong3 fei1 gei1]		[fong3 fei1 gei1] 爽约，失约，放鸽子〈动〉	
row	sentence	放飛機			例句：約好咗三點等，佢居然放我飛機！（joek3 hou2 zo2 saam1 dim2 dang2, keoi5 geoi1 jin4 fong3 ngo5 fei1 gei1!）（约好了三点等，他居然放我鸽子！）	
row	sentence	放飛機			例句：做人最緊要守時，唔好成日放人飛機。（zou6 jan4 zeoi3 gan2 jiu3 sau2 si4, m4 hou2 seng4 jat6 fong3 jan4 fei1 gei1.）（做人最重要守时，不要老是放别人鸽子。）	
row	pron	散紙	[saan2 zi2]		[saan2 zi2] 零钱，硬币〈名〉	
row	sentence	散紙			例句：你有冇散紙搭車啊？（nei5 jau5 mou5 saan2 zi2 daap3 ce1 aa3?）（你有零钱坐车吗？）	
row	sentence	散紙			例句：成個口袋都係散紙。（seng4 go3 hau2 doi2 dou1 hai6 saan2 zi2.）（整个口袋都是零钱硬币。）	
row	pron	整	[zing2]		[zing2] 做，弄，修，烹调〈动〉	
row	sentence	整			例句：今晚我整幾味好餸畀你食。（gam1 maan5 ngo5 zing2 gei2 mei6 hou2 sung3 bei2 nei5 sik6.）（今晚我做几样好菜给你吃。）	
row	sentence	整			例句：部電話壞咗，要攞去整。（bou6 din6 waa2 waai6 zo2, jiu3 lo2 heoi3 zing2.）（手机坏了，要拿去修。）	
row	pron	斑馬線	[baan1 maa5 sin3]		[baan1 maa5 sin3] 斑马线，人行横道〈名〉	
row	sentence	斑馬線			例句：過馬路一定要行斑馬線。（gwo3 maa5 lou6 jat1 ding6 jiu3 haang4 baan1 maa5 sin3.）（过马路一定要走斑马线。）	
row	sentence	斑馬線			例句：司機會喺斑馬線前停車禮讓行人。（si1 gei1 wui5 hai2 baan1 maa5 sin3 cin4 ting4 ce1 lai5 joeng6 hang4 jan4.）（司机会在斑马线前停车礼让行人。）	
row	pron	新鮮	[san1 sin1]		[san1 sin1] 新鲜〈形〉	
row	sentence	新鮮			例句：今日買嘅魚好新鮮。（gam1 jat6 maai5 ge3 jyu4 hou2 san1 sin1.）（今天买的鱼很新鲜。）	
row	sentence	新鮮			例句：新鮮出爐嘅麵包好香。（san1 sin1 ceot1 lou4 ge3 min6 baau1 hou2 hoeng1.）（新鲜出炉的面包很香。）	
row	pron	早	[zou2]		[zou2] 早〈形/副〉	
row	sentence	早			例句：你今日咁早起嘅？（nei5 gam1 jat6 gam3 zou2 hei2 ge2?）（你今天怎么这么早起呀？）	
row	sentence	早			例句：早晨，食咗早餐未？（zou2 san4, sik6 zo2 zou2 caan1 mei6?）（早上好，吃过早饭了吗？）	
row	pron	晒	[saai3]		[saai3] 全部，光，完（表示完全或极度）〈助〉	
row	sentence	晒			例句：啲蛋糕畀人食晒喇。（di1 daan6 gou1 bei2 jan4 sik6 saai3 laa3.）（蛋糕被人全吃光了。）	
row	sentence	晒			例句：真係唔該晒你！（zan1 hai6 m4 goi1 saai3 nei5!）（真是太感谢你了！）	
row	pron	曬衫	[saai3 saam1]		[saai3 saam1] 晾衣服，晒衣服〈动〉	
row	sentence	曬衫			例句：今日出太陽，啱晒曬衫。（gam1 jat6 ceot1 taai3 joeng4, ngaam1 saai3 saai3 saam1.）（今天出太阳，正合适晒衣服。）	
row	sentence	曬衫			例句：快啲收衫啦，就嚟落雨喇！（faai3 di1 sau1 saam1 laa1, zau6 lai4 lok6 jyu5 laa3!）（快点收衣服啦，快要下雨了！）	
row	pron	有	[jau5]		[jau5] 有，存在〈动〉	
row	sentence	有			例句：屋企仲有冇水飲？（uk1 kei2 zung6 jau5 mou5 seoi2 jam2?）（家里还有水喝吗？）	
row	sentence	有			例句：我有一張電影飛。（ngo5 jau5 jat1 zoeng1 din6 jing2 fei1.）（我有一张电影票。）	
row	pron	朋友	[pang4 jau5]		[pang4 jau5] 朋友〈名〉	
row	sentence	朋友			例句：佢係我大學嘅好朋友。（keoi5 hai6 ngo5 daai6 hok6 ge3 hou2 pang4 jau5.）（他是我大学的好朋友。）	
row	sentence	朋友			例句：朋友之間最緊要講誠信。（pang4 jau5 zi1 gaan1 zeoi3 gan2 jiu3 gong2 sing4 seon3.）（朋友之间最重要讲诚信。）	
row	pron	朝早	[ziu1 zou2]		[ziu1 zou2] 早上，早晨〈名〉	
row	sentence	朝早			例句：朝早空氣好清新。（ziu1 zou2 hung1 hei3 hou2 cing1 san1.）（早晨空气很清新。）	
row	sentence	朝早			例句：我朝早鍾意飲杯黑咖啡。（ngo5 ziu1 zou2 zung1 ji3 jam2 bui1 hak1 gaa3 fe1.）（我早晨喜欢喝杯黑咖啡。）	
row	pron	梳化	[so1 faa2]		[so1 faa2] 沙发〈名〉	
row	sentence	梳化			例句：張真皮梳化坐得好舒服。（zoeng1 zan1 pei4 so1 faa2 co5 dak1 hou2 syu1 fuk6.）（那张真皮沙发坐着很舒服。）	
row	sentence	梳化			例句：放工返屋企攤喺梳化睇電視。（fong3 gung1 faan1 uk1 kei2 taan1 hai2 so1 faa2 tai2 din6 si6.）（下班回家瘫在沙发上看电视。）	
row	pron	楊枝甘露	[joeng4 zi1 gam1 lou6]		[joeng4 zi1 gam1 lou6] 杨枝甘露（芒果西米柚子经典甜汤）〈名〉	
row	sentence	楊枝甘露			例句：夏天食一碗冰凍楊枝甘露好消暑。（haa6 tin1 sik6 jat1 wun2 bing1 dung3 joeng4 zi1 gam1 lou6 hou2 siu1 syu2.）（夏天吃一碗冰镇杨枝甘露非常消暑解渴。）	
row	sentence	楊枝甘露			例句：芒果好甜，西米好爽。（mong1 gwo2 hou2 tim4, sai1 mai5 hou2 song2.）（芒果很甜，西米非常爽滑。）	
row	pron	樖	[po1]		[po1] 棵（量词，用于树木植物）〈量〉	
row	sentence	樖			例句：門口有樖大榕樹。（mun4 hau2 jau5 po1 daai6 jung4 syu6.）（门口有一棵大榕树。）	
row	sentence	樖			例句：呢樖花開得好靚。（ni1 po1 faa1 hoi1 dak1 hou2 leng3.）（这株花开得很漂亮。）	
row	pron	樽	[zeon1]		[zeon1] 瓶（量词/名词，瓶子）〈量/名〉	
row	sentence	樽			例句：唔該買樽水返嚟。（m4 goi1 maai5 zeon1 seoi2 faan1 lai4.）（麻烦买一瓶水回来。）	
row	sentence	樽			例句：呢個玻璃樽好精緻。（ni1 go3 bo1 lei1 zeon1 hou2 zing1 zi3.）（这个玻璃瓶很精致。）	
row	pron	機場	[gei1 coeng4]		[gei1 coeng4] 机场，航空港〈名〉	
row	sentence	機場			例句：搭機場快綫二十分鐘就到市區。（daap3 gei1 coeng4 faai3 sin3 jaa6 fan1 zung1 zau6 dou3 si5 keoi1.）（坐机场快线二十分钟就能到市区。）	
row	sentence	機場			例句：我去機場接朋友機。（ngo5 heoi3 gei1 coeng4 zip3 pang4 jau5 gei1.）（我去机场接朋友下飞机。）	
row	pron	正	[zeng3]		[zeng3] 棒，正宗，极好〈形〉	
row	sentence	正			例句：呢間茶餐廳嘅蛋撻好正！（ni1 gaan1 caa4 caan1 teng1 ge3 daan6 taat1 hou2 zeng3!）（这家茶餐厅的蛋挞太赞了！）	
row	sentence	正			例句：個湯好正，好濃味。（go3 tong1 hou2 zeng3, hou2 nung4 mei6.）（那汤太棒了，很浓郁。）	
row	pron	死雞撐飯蓋	[sei2 gai1 caang1 faan6 goi3]		[sei2 gai1 caang1 faan6 goi3] 死不认错，铁证如山依然硬拗抵赖〈熟语〉	
row	sentence	死雞撐飯蓋			例句：明明做錯咗仲喺度死雞撐飯蓋。（ming4 ming4 zou6 co3 zo2 zung6 hai2 dou6 sei2 gai1 caang1 faan6 goi3.）（明明做错了还在那里死不认账死硬狡辩。）	
row	sentence	死雞撐飯蓋			例句：認錯道歉好過死雞撐飯蓋。（jing6 co3 dou6 hip3 hou2 gwo3 sei2 gai1 caang1 faan6 goi3.）（认错道歉好过死鸭子嘴硬到底。）	
row	pron	死頂	[sei2 ding2]		[sei2 ding2] 硬撑，咬牙坚持到底〈动〉	
row	sentence	死頂			例句：雖然好辛苦，但都要死頂落去。（seoi1 jin4 hou2 san1 fu2, daan6 dou1 jiu3 sei2 ding2 lok6 heoi3.）（虽然非常辛苦，但也要咬牙硬撑下去。）	
row	sentence	死頂			例句：唔好死頂啊，唔舒服就快啲睇醫生。（m4 hou2 sei2 ding2 aa3, m4 syu1 fuk6 zau6 faai3 di1 tai2 ji1 sang1.）（别硬撑啊，不舒服就快去看医生。）	
row	pron	毫子	[hou4 zi2]		[hou4 zi2] 角，毛（一角钱硬币）〈量/名〉	
row	sentence	毫子			例句：一個五毫子硬幣。（jat1 go3 ng5 hou4 zi2 ngaang6 bai6.）（一枚五毛钱硬币。）	
row	sentence	毫子			例句：幾毫子唔使找啦。（gei2 hou4 zi2 m4 sai2 zaau2 laa1.）（几毛钱不用找了。）	
row	pron	水過鴨背	[seoi2 gwo3 aap3 bui3]		[seoi2 gwo3 aap3 bui3] 像水从鸭背流过一样毫无痕迹，转眼全忘光〈熟语〉	
row	sentence	水過鴨背			例句：教咗佢幾次都水過鴨背，轉頭就唔記得。（gaau3 zo2 keoi5 gei2 ci3 dou1 seoi2 gwo3 aap3 bui3, zyun3 tau4 zau6 m4 gei3 dak1.）（教了他几次都像耳旁风，转眼就忘得一干二净。）	
row	sentence	水過鴨背			例句：做人要吸收教訓，唔好水過鴨背。（zou6 jan4 jiu3 kap1 sau1 gaau3 fan3, m4 hou2 seoi2 gwo3 aap3 bui3.）（做人要吸取教训，别听过就算全不往心里去。）	
row	pron	沖涼	[cung1 loeng4]		[cung1 loeng4] 洗澡，沐浴〈动〉	
row	sentence	沖涼			例句：出咗一身汗，快啲去沖涼。（ceot1 zo2 jat1 san1 hon6, faai3 di1 heoi3 cung1 loeng4.）（出了一身汗，快去洗澡。）	
row	sentence	沖涼			例句：沖完涼好舒服。（cung1 jyun4 loeng4 hou2 syu1 fuk6.）（洗完澡很舒服。）	
row	pron	洗手	[sai2 sau2]		[sai2 sau2] 洗手〈动〉	
row	sentence	洗手			例句：食飯前記得用梘液洗手。（sik6 faan6 cin4 gei3 dak1 jung6 gaan2 jik6 sai2 sau2.）（吃饭前记得用洗手液洗手。）	
row	sentence	洗手			例句：洗乾淨手先好摸嘢。（sai2 gon1 zeng6 sau2 sin1 hou2 mo2 je5.）（洗干净手才去摸东西。）	
row	pron	洗衫	[sai2 saam1]		[sai2 saam1] 洗衣服〈动〉	
row	sentence	洗衫			例句：儲埋咁多污糟衫，快啲去洗。（cou5 maai4 gam3 do1 wu1 zou1 saam1, faai3 di1 heoi3 sai2.）（攒了这么多脏衣服，快去洗。）	
row	sentence	洗衫			例句：用洗衣機洗衫好方便。（jung6 sai2 saam1 gei1 sai2 saam1 hou2 fong1 bin6.）（用洗衣机洗衣服很方便。）	
row	pron	洗面	[sai2 min6]		[sai2 min6] 洗脸〈动〉	
row	sentence	洗面			例句：用溫水洗面好舒服。（jung6 wan1 seoi2 sai2 min6 hou2 syu1 fuk6.）（用温水洗脸很舒服。）	
row	sentence	洗面			例句：起身第一件事就係洗面。（hei2 san1 dai6 jat1 gin6 si6 zau6 hai6 sai2 min6.）（起床第一件事就是洗脸。）	
row	pron	涼茶	[loeng4 caa4]		[loeng4 caa4] 凉茶（广府草药降火饮品）〈名〉	
row	sentence	涼茶			例句：喉嚨痛，去涼茶舖飲碗二十四味。（hau4 lung4 tung3, heoi3 loeng4 caa4 pou3 jam2 wun2 jaa6 sei3 mei6.）（嗓子疼，去凉茶铺喝碗二十四味凉茶。）	
row	sentence	涼茶			例句：廣東涼茶苦口良藥。（gwong2 dung1 loeng4 caa4 fu2 hau2 loeng4 joek6.）（广东凉茶苦口良药。）	
row	pron	添	[tim1]		[tim1] 还，再，连...也（表示递进或强调）〈助/副〉	
row	sentence	添			例句：唔記得帶鎖匙添！（m4 gei3 dak1 daai3 so2 si4 tim1!）（居然还把钥匙给忘了！）	
row	sentence	添			例句：飲多杯茶添啦。（jam2 do1 bui1 caa4 tim1 laa1.）（再多喝一杯茶吧。）	
row	pron	滑蛋牛肉	[waat6 daan2 ngau4 juk6]		[waat6 daan2 ngau4 juk6] 滑蛋牛肉饭（经典茶餐厅碟头饭）〈名〉	
row	sentence	滑蛋牛肉			例句：滑蛋牛肉飯嘅蛋好滑好嫩。（waat6 daan2 ngau4 juk6 faan6 ge3 daan2 hou2 waat6 hou2 nyun3.）（滑蛋牛肉饭的鸡蛋非常滑嫩鲜美。）	
row	sentence	滑蛋牛肉			例句：今晚煮滑蛋牛肉做晚餐。（gam1 maan5 zyu2 waat6 daan2 ngau4 juk6 zou6 maan5 caan1.）（今晚做滑蛋牛肉当晚饭。）	
row	pron	激氣	[gik1 hei3]		[gik1 hei3] 气人，惹人生气〈动/形〉	
row	sentence	激氣			例句：呢個細路真係激氣，成日唔聽話。（ni1 go3 sai3 lou6 zan1 hai6 gik1 hei3, seng4 jat6 m4 teng1 waa6.）（这个小孩真气人，整天不听话。）	
row	sentence	激氣			例句：唔好為咗呢啲小事激氣。（m4 hou2 wai6 zo2 ni1 di1 siu2 si6 gik1 hei3.）（不要为了这些琐碎小事生闷气。）	
row	pron	濕熱	[sap1 jit6]		[sap1 jit6] 湿热（岭南气候特征）〈形〉	
row	sentence	濕熱			例句：嶺南天氣多濕熱，要多飲涼茶。（ling5 naam4 tin1 hei3 do1 sap1 jit6, jiu3 do1 jam2 loeng4 caa4.）（岭南天气多湿热，要多喝凉茶。）	
row	sentence	濕熱			例句：濕熱天氣個人好易覺得攰。（sap1 jit6 tin1 hei3 go3 jan4 hou2 ji3 gok3 dak1 gui6.）（湿热天气整个人很容易觉得疲乏。）	
row	pron	濕碎	[sap1 seoi3]		[sap1 seoi3] 琐碎，微不足道，小事一桩〈形〉	
row	sentence	濕碎			例句：呢啲濕碎嘢等我嚟搞掂佢啦。（ni1 di1 sap1 seoi3 je5 dang2 ngo5 lai4 gaau2 dim6 keoi5 laa1.）（这些琐碎小事让我来解决搞定吧。）	
row	sentence	濕碎			例句：幾十蚊濕碎錢，唔使計較。（gei2 sap6 man1 sap1 seoi3 cin2, m4 sai2 gai3 gaau3.）（几十块钱的小钱，不用计较。）	
row	pron	灼	[coek3]		[coek3] 白灼（沸水烫熟以保持食材鲜甜嫩滑）〈动〉	
row	sentence	灼			例句：白灼菜心好清甜爽脆。（baak6 coek3 coi3 sam1 hou2 cing1 tim4 song2 ceoi3.）（白灼菜心非常清甜脆爽。）	
row	sentence	灼			例句：白灼海蝦最能食出原味。（baak6 coek3 hoi2 haa1 zeoi3 nang4 sik6 ceot1 jyun4 mei6.）（白灼海虾最能品尝出本味鲜美。）	
row	pron	炒散	[caau2 saan2]		[caau2 saan2] 打零工，兼职，做兼职临时工〈动〉	
row	sentence	炒散			例句：放假去酒店炒散賺少少外快。（fong3 gaa3 heoi3 zau2 dim3 caau2 saan2 zaan6 siu2 siu2 ngoi6 faai3.）（放假去酒店做兼职零工赚点外快。）	
row	sentence	炒散			例句：炒散時間自由，好多學生做。（caau2 saan2 si4 gaan3 zi6 jau4, hou2 do1 hok6 saang1 zou6.）（打零工时间自由，很多学生在做。）	
row	pron	炒魷魚	[caau2 jau4 jyu4]		[caau2 jau4 jyu4] 解雇，开除，卷铺盖走人〈动〉	
row	sentence	炒魷魚			例句：佢做錯咗大件事，畀老細炒咗魷魚。（keoi5 zou6 co3 zo2 daai6 gin6 si6, bei2 lou5 sai3 caau2 zo2 jau4 jyu4.）（他犯了大错，被老板开除了。）	
row	sentence	炒魷魚			例句：景氣唔好，好多公司都炒魷魚。（ging2 hei3 m4 hou2, hou2 do1 gung1 si1 dou1 caau2 jau4 jyu4.）（经济不景气，很多公司都在裁员解雇。）	
row	pron	焗	[guk6]		[guk6] 焗，烘焙（利用密封蒸汽或烤炉加热）〈动〉	
row	sentence	焗			例句：鮮茄焗豬扒飯係茶餐廳名菜。（sin1 ke2 guk6 zyu1 paa4 faan6 hai6 caa4 caan1 teng1 meng4 coi3.）（鲜茄焗猪排饭是茶餐厅名菜。）	
row	sentence	焗			例句：鹽焗雞皮脆肉嫩，鹹香四溢。（jim4 guk6 gai1 pei4 ceoi3 juk6 nyun3, haam4 hoeng1 sei3 jat6.）（盐焗鸡皮脆肉嫩，咸香四溢。）	
row	pron	無端端	[mou4 dyun1 dyun1]		[mou4 dyun1 dyun1] 无缘无故，平白无故〈副〉	
row	sentence	無端端			例句：無端端落起大雨嚟。（mou4 dyun1 dyun1 lok6 hei2 daai6 jyu5 lai4.）（无缘无故下起大雨来。）	
row	sentence	無端端			例句：佢無端端發脾氣，大家都好無奈。（keoi5 mou4 dyun1 dyun1 faat3 pei4 hei3, daai6 gaa1 dou1 hou2 mou4 noi6.）（他平白无故发脾气，大家都非常无奈。）	
row	pron	煎釀三寶	[zin1 joeng6 saam1 bou2]		[zin1 joeng6 saam1 bou2] 煎酿三宝（酿鲮鱼肉馅的街头小吃）〈名〉	
row	sentence	煎釀三寶			例句：煎釀三寶有釀青椒、茄子同豆腐。（zin1 joeng6 saam1 bou2 jau5 joeng6 cing1 ziu1, ke2 zi2 tung4 dau6 fu6.）（煎酿三宝有酿青椒、酿茄子和酿豆腐。）	
row	sentence	煎釀三寶			例句：點甜豉油食煎釀三寶好正。（dim2 tim4 si6 jau4 sik6 zin1 joeng6 saam1 bou2 hou2 zeng3.）（蘸着甜酱油吃煎酿三宝太赞了。）	
row	pron	煲	[bou1]		[bou1] 煲，煮（用锅慢熬）；砂锅〈动/名〉	
row	sentence	煲			例句：煲返煲好湯畀屋企人飲。（bou1 faan1 bou1 hou2 tong1 bei2 uk1 kei2 jan4 jam2.）（煲一锅好靓汤给家里人喝。）	
row	sentence	煲			例句：砂煲煲飯特別香。（saa1 bou1 bou1 faan6 dak6 bit6 hoeng1.）（砂锅煲饭特别香。）	
row	pron	煲仔飯	[bou1 zai2 faan6]		[bou1 zai2 faan6] 煲仔饭〈名〉	
row	sentence	煲仔飯			例句：冬天食臘味煲仔飯最暖胃。（dung1 tin1 sik6 laap6 mei6 bou1 zai2 faan6 zeoi3 nyun5 wai6.）（冬天吃腊味煲仔饭最暖胃。）	
row	sentence	煲仔飯			例句：煲底嗰層飯焦好香脆！（bou1 dai2 go2 cang4 faan6 ziu1 hou2 hoeng1 ceoi3!）（锅底那层锅巴真香脆！）	
row	pron	熄	[sik1]		[sik1] 关掉，熄灭（灯、电器）〈动〉	
row	sentence	熄			例句：瞓覺前要熄燈。（fan3 gaau3 cin4 jiu3 sik1 dang1.）（睡觉前要关灯。）	
row	sentence	熄			例句：記住熄咗個電視。（gei3 zyu6 sik1 zo2 go3 din6 si6.）（记住把电视关了。）	
row	pron	熱	[jit6]		[jit6] 热，炎热〈形〉	
row	sentence	熱			例句：夏天嘅天氣好熱。（haa6 tin1 ge3 tin1 hei3 hou2 jit6.）（夏天的天气很热。）	
row	sentence	熱			例句：呢杯咖啡好熱，慢慢飲。（ni1 bui1 gaa3 fe1 hou2 jit6, maan6 maan6 jam2.）（这杯咖啡很热，慢慢喝。）	
row	pron	熱氣	[jit6 hei3]		[jit6 hei3] 上火，燥热（因吃煎炸食品等引起）〈形/名〉	
row	sentence	熱氣			例句：食咁多薯條炸雞好熱氣㗎！（sik6 gam3 do1 syu4 tiu2 zaa3 gai1 hou2 jit6 hei3 gaa3!）（吃这么多薯条炸鸡很上火的！）	
row	sentence	熱氣			例句：熱氣就飲多啲菊花茶清熱。（jit6 hei3 zau6 jam2 do1 di1 guk1 faa1 caa4 cing1 jit6.）（上火就多喝点菊花茶清热去火。）	
row	pron	燉	[dan6]		[dan6] 隔水炖（保持原汁原味的烹饪法）〈动〉	
row	sentence	燉			例句：燉盅燉湯原汁原味。（dan6 zung1 dan6 tong1 jyun4 zap1 jyun4 mei6.）（用炖盅隔水炖汤原汁原味。）	
row	sentence	燉			例句：花膠燉雞補身好正。（faa1 gaau1 dan6 gai1 bou2 san1 hou2 zeng3.）（花胶炖鸡滋补身体太棒了。）	
row	pron	燒味	[siu1 mei2]		[siu1 mei2] 烧味（烧鹅/叉烧/烧肉等）〈名〉	
row	sentence	燒味			例句：今晚斬料加餸，買份燒鵝。（gam1 maan5 zaam2 liu2 gaa1 sung3, maai5 fan6 siu1 ngo4.）（今晚买现成卤味加菜，买份烧鹅。）	
row	sentence	燒味			例句：半肥瘦叉燒最好食。（bun3 fei4 sau3 caa1 siu1 zeoi3 hou2 sik6.）（半肥瘦的叉烧最好吃。）	
row	pron	燒賣	[siu1 maai6]		[siu1 maai6] 干蒸烧卖〈名〉	
row	sentence	燒賣			例句：蟹黃燒賣好鮮甜。（haai5 wong4 siu1 maai6 hou2 sin1 tim4.）（蟹黄烧卖很鲜甜。）	
row	sentence	燒賣			例句：飲茶必點蝦餃燒賣。（jam2 caa4 bit1 dim2 haa1 gaau2 siu1 maai6.）（喝早茶必点虾饺和烧卖。）	
row	pron	燒鵝	[siu1 ngo4]		[siu1 ngo4] 烧鹅（皮脆肉嫩的经典广式烧味）〈名〉	
row	sentence	燒鵝			例句：深井燒鵝皮脆肉嫩，肉汁好多。（sam1 zing2 siu1 ngo4 pei4 ceoi3 juk6 nyun3, juk6 zap1 hou2 do1.）（深井烧鹅皮脆肉嫩，汁水丰盈。）	
row	sentence	燒鵝			例句：點酸梅醬食燒鵝真係絕配。（dim2 syun1 mui4 zoeng3 sik6 siu1 ngo4 zan1 hai6 zyut6 pui3.）（蘸着酸梅酱吃烧鹅真是绝配。）	
row	pron	爽脆	[song2 ceoi3]		[song2 ceoi3] 爽口脆嫩，口感鲜脆〈形〉	
row	sentence	爽脆			例句：啲蝦仁好爽脆彈牙。（di1 haa1 jan4 hou2 song2 ceoi3 daan6 ngaa4.）（那些虾仁非常爽脆Q弹。）	
row	sentence	爽脆			例句：涼拌黃瓜好爽脆。（loeng4 bun6 wong4 gwaa1 hou2 song2 ceoi3.）（凉拌黄瓜很爽脆解腻。）	
row	pron	牙擦	[ngaa4 caat3]		[ngaa4 caat3] 嚣张，爱吹嘘，狂妄自大〈形〉	
row	sentence	牙擦			例句：佢份人好牙擦，成日自誇。（keoi5 fan6 jan4 hou2 ngaa4 caat3, seng4 jat6 zi6 kwaa1.）（他为人很狂妄自大，整天自我吹嘘。）	
row	sentence	牙擦			例句：有真本事嘅人唔會咁牙擦。（jau5 zan1 bun2 si6 ge3 jan4 m4 wui5 gam3 ngaa4 caat3.）（有真本领的人不会这么狂妄嚣张。）	
row	pron	牛腩	[ngau4 naam5]		[ngau4 naam5] 牛腩（柱侯牛腩）〈名〉	
row	sentence	牛腩			例句：清湯牛腩煲燉得好軟爛。（cing1 tong1 ngau4 naam5 bou1 dan6 dak1 hou2 jyun5 laan6.）（清汤牛腩煲炖得非常软烂可口。）	
row	sentence	牛腩			例句：牛腩麵啲湯底好濃香。（ngau4 naam5 min6 di1 tong1 dai2 hou2 nung4 hoeng1.）（牛腩面的汤底非常浓厚鲜香。）	
row	pron	牛頭唔對馬嘴	[ngau4 tau4 m4 deoi3 maa5 zeoi2]		[ngau4 tau4 m4 deoi3 maa5 zeoi2] 答非所问，前言不搭后语〈熟语〉	
row	sentence	牛頭唔對馬嘴			例句：問佢東佢答西，真係牛頭唔對馬嘴。（man6 keoi5 dung1 keoi5 daap3 sai1, zan1 hai6 ngau4 tau4 m4 deoi3 maa5 zeoi2.）（问他东他答西，真是前言不搭后语。）	
row	sentence	牛頭唔對馬嘴			例句：你講嘅嘢同呢件事牛頭唔對馬嘴。（nei5 gong2 ge3 je5 tung4 ni1 gin6 si6 ngau4 tau4 m4 deoi3 maa5 zeoi2.）（你说的话跟这件事完全搭不上边。）	
row	pron	琴日	[kam4 jat6]		[kam4 jat6] 昨天〈名〉	
row	sentence	琴日			例句：我琴日去咗廣州。（ngo5 kam4 jat6 heoi3 zo2 gwong2 zau1.）（我昨天去了广州。）	
row	sentence	琴日			例句：琴日落咗成日雨。（kam4 jat6 lok6 zo2 seng4 jat6 jyu5.）（昨天下一整天的雨。）	
row	pron	生性	[saang1 sing3]		[saang1 sing3] 懂事，乖巧成器，体谅父母〈形〉	
row	sentence	生性			例句：個仔大個咗，識得幫手好生性。（go3 zai2 daai6 go3 zo2, sik1 dak1 bong1 sau2 hou2 saang1 sing3.）（儿子长大了，懂得帮忙非常懂事。）	
row	sentence	生性			例句：你要生性做人，唔好令父母擔心。（nei5 jiu3 saang1 sing3 zou6 jan4, m4 hou2 ling6 fu6 mou5 daam1 sam1.）（你要做个懂事争气的人，别让父母担心。）	
row	pron	生果	[saang1 gwo2]		[saang1 gwo2] 水果〈名〉	
row	sentence	生果			例句：每日食啲生果有益健康。（mui5 jat6 sik6 di1 saang1 gwo2 jau5 jik1 gin6 hong1.）（每天吃点水果有益健康。）	
row	sentence	生果			例句：去生果檔買咗幾斤荔枝。（heoi3 saang1 gwo2 dong3 maai5 zo2 gei2 gan1 lai6 zi1.）（去水果摊买了数斤荔枝。）	
row	pron	生猛	[saang1 maang5]		[saang1 maang5] 活蹦乱跳，充满生机〈形〉	
row	sentence	生猛			例句：啲蝦蟹仲好生猛！（di1 haa1 haai5 zung6 hou2 saang1 maang5!）（那些虾蟹还非常活蹦乱跳！）	
row	sentence	生猛			例句：病好之後個人又生猛返。（beng6 hou2 zi1 hau6 go3 jan4 jau6 saang1 maang5 faan1.）（病好之后整个人又充满活力了。）	
row	pron	畀	[bei2]		[bei2] 给，被，让〈动/介〉	
row	sentence	畀			例句：唔該畀杯熱水我。（m4 goi1 bei2 bui1 jit6 seoi2 ngo5.）（麻烦给我一杯热水。）	
row	sentence	畀			例句：呢件事畀佢知道咗就麻煩。（ni1 gin6 si6 bei2 keoi5 zi1 dou3 zo2 zau6 maa4 faan4.）（这件事被他知道了就麻烦了。）	
row	pron	番梘	[faan1 gaan2]		[faan1 gaan2] 肥皂，香皂〈名〉	
row	sentence	番梘			例句：用番梘洗手洗得好乾淨。（jung6 faan1 gaan2 sai2 sau2 sai2 dak1 hou2 gon1 zeng6.）（用肥皂洗手洗得非常干净。）	
row	sentence	番梘			例句：呢塊手工番梘有淡淡花香。（ni1 faai3 sau2 gung1 faan1 gaan2 jau5 daam6 daam6 faa1 hoeng1.）（这块手工皂有淡淡的花香。）	
row	pron	發燒	[faat3 siu1]		[faat3 siu1] 发烧，发热〈动〉	
row	sentence	發燒			例句：佢發燒出咗成身汗。（keoi5 faat3 siu1 ceot1 zo2 seng4 san1 hon6.）（他发烧出了一身汗。）	
row	sentence	發燒			例句：用探热针量下有冇發燒。（jung6 taam3 jit6 zam1 loeng4 haa5 jau5 mou5 faat3 siu1.）（用体温计测一下有没有发烧。）	
row	pron	發老脾	[faat3 lou5 pei4]		[faat3 lou5 pei4] 发脾气，大动肝火〈动〉	
row	sentence	發老脾			例句：好好講嘢，唔好郁啲就發老脾。（hou2 hou2 gong2 je5, m4 hou2 juk1 di1 zau6 faat3 lou5 pei4.）（好好说话，别动不动就大发雷霆。）	
row	sentence	發老脾			例句：老細今日唔知點解發老脾。（lou5 sai3 gam1 jat6 m4 zi1 dim2 gaai2 faat3 lou5 pei4.）（老板今天不知为何大发脾气。）	
row	pron	發脾氣	[faat3 pei4 hei3]		[faat3 pei4 hei3] 发脾气，发火〈动〉	
row	sentence	發脾氣			例句：有事慢慢講，唔好亂發脾氣。（jau5 si6 maan6 maan6 gong2, m4 hou2 lyun6 faat3 pei4 hei3.）（有事慢慢说，不要胡乱发脾气。）	
row	sentence	發脾氣			例句：佢一肚餓就容易發脾氣。（keoi5 jat1 tou5 ngo6 zau6 jung4 ji6 faat3 pei4 hei3.）（他一肚子饿就容易发脾气。）	
row	pron	白切雞	[baak6 cit3 gai1]		[baak6 cit3 gai1] 白斩鸡，白切鸡〈名〉	
row	sentence	白切雞			例句：無雞不成宴，廣東人最愛白切雞。（mou4 gai1 bat1 sing4 jin3, gwong2 dung1 jan4 zeoi3 oi3 baak6 cit3 gai1.）（无鸡不成宴，广东人最爱白切鸡。）	
row	sentence	白切雞			例句：點埋薑蔥蓉真係一流。（dim2 maai4 goeng1 cung1 jung4 zan1 hai6 jat1 lau4.）（蘸着姜葱蓉调料真是一绝。）	
row	pron	百厭	[baak3 jim3]		[baak3 jim3] 调皮，淘气捣蛋〈形〉	
row	sentence	百厭			例句：呢個細路仔好百厭，四圍亂跑。（ni1 go3 sai3 lou6 zai2 hou2 baak3 jim3, sei3 wai4 lyun6 paau2.）（这个小孩子很调皮捣蛋，到处乱跑。）	
row	sentence	百厭			例句：雖然百厭，但好聰明。（seoi1 jin4 baak3 jim3, daan6 hou2 cung1 ming4.）（虽然淘气，但是很聪明。）	
row	pron	的士	[dik1 si2]		[dik1 si2] 出租车，的士〈名〉	
row	sentence	的士			例句：趕時間就攔架的士啦。（gon2 si4 gaan3 zau6 laan4 gaa3 dik1 si2 laa1.）（赶时间就拦辆出租车吧。）	
row	sentence	的士			例句：的士司機對路線好熟。（dik1 si2 si1 gei1 deoi3 lou6 sin3 hou2 suk6.）（出租车司机对路线很熟悉。）	
row	pron	真係	[zan1 hai6]		[zan1 hai6] 真的，实在〈副〉	
row	sentence	真係			例句：呢個煲仔飯真係正！（ni1 go3 bou1 zai2 faan6 zan1 hai6 zeng3!）（这个煲仔饭真的很棒！）	
row	sentence	真係			例句：今次真係多謝你。（gam1 ci3 zan1 hai6 do1 ze6 nei5.）（这次真多谢你。）	
row	pron	眼瞓	[ngaan5 fan3]		[ngaan5 fan3] 困倦，发困，打瞌睡〈形〉	
row	sentence	眼瞓			例句：食完晏晝特別容易眼瞓。（sik6 jyun4 aan3 zau3 dak6 bit6 jung4 ji6 ngaan5 fan3.）（吃完午饭特别容易犯困。）	
row	sentence	眼瞓			例句：眼瞓就飲杯濃茶醒下神。（ngaan5 fan3 zau6 jam2 bui1 nung4 caa4 seng2 haa5 san4.）（困了就喝杯浓茶提提神。）	
row	pron	着衫	[zoek3 saam1]		[zoek3 saam1] 穿衣服〈动〉	
row	sentence	着衫			例句：天氣變凍，着多件衫啦。（tin1 hei3 bin3 dung3, zoek3 do1 gin6 saam1 laa1.）（天气变冷，多穿件衣服吧。）	
row	sentence	着衫			例句：佢今日着得好斯文。（keoi5 gam1 jat6 zoek3 dak1 hou2 si1 man4.）（他今天穿得很斯文大方。）	
row	pron	睇	[tai2]		[tai2] 看，瞧，观察〈动〉	
row	sentence	睇			例句：你睇下嗰度！（nei5 tai2 haa5 go2 dou6!）（你看一下那里！）	
row	sentence	睇			例句：我好鍾意睇港產片。（ngo5 hou2 zung1 ji3 tai2 gong2 caan2 pin2.）（我很喜欢看香港电影。）	
row	pron	睇醫生	[tai2 ji1 sang1]		[tai2 ji1 sang1] 看医生，就医门诊〈动〉	
row	sentence	睇醫生			例句：發燒成三十九度，快啲去睇醫生。（faat3 siu1 seng4 saam1 sap6 gau2 dou6, faai3 di1 heoi3 tai2 ji1 sang1.）（发烧将近39度，快点去看医生。）	
row	sentence	睇醫生			例句：睇完醫生記得按時食藥。（tai2 jyun4 ji1 sang1 gei3 dak1 on3 si4 sik6 joek6.）（看完医生记得按时吃药。）	
row	pron	瞓覺	[fan3 gaau3]		[fan3 gaau3] 睡觉〈动〉	
row	sentence	瞓覺			例句：好眼瞓，我想瞓覺。（hou2 ngaan5 fan3, ngo5 soeng2 fan3 gaau3.）（很困，我想睡觉。）	
row	sentence	瞓覺			例句：早啲瞓覺對身體好。（zou2 di1 fan3 gaau3 deoi3 san1 tai2 hou2.）（早点睡觉对身体好。）	
row	pron	知	[zi1]		[zi1] 知道〈动〉	
row	sentence	知			例句：我知道呢件事。（ngo5 zi1 dou3 ni1 gin6 si6.）（我知道这件事。）	
row	sentence	知			例句：你知唔知佢叫咩名？（nei5 zi1 m4 zi1 keoi5 giu3 me1 meng2?）（你知道他叫什么名字吗？）	
row	pron	碗仔翅	[wun2 zai2 ci3]		[wun2 zai2 ci3] 碗仔翅（仿鱼翅街头羹汤小吃）〈名〉	
row	sentence	碗仔翅			例句：碗仔翅加啲麻油同胡椒粉先好食。（wun2 zai2 ci3 gaa1 di1 maa4 jau4 tung4 wu4 ziu1 fan2 sin1 hou2 sik6.）（碗仔翅加点芝麻油和胡椒粉才好吃。）	
row	sentence	碗仔翅			例句：冬日街頭食碗熱辣辣嘅碗仔翅。（dung1 jat6 gaai1 tau4 sik6 wun2 jit6 laat6 laat6 ge3 wun2 zai2 ci3.）（冬天街头吃一碗热腾腾的碗仔翅。）	
row	pron	碼頭	[maa5 tau4]		[maa5 tau4] 轮渡码头〈名〉	
row	sentence	碼頭			例句：尖沙咀天星碼頭風景好靚。（zim1 saa1 zeoi2 tin1 sing1 maa5 tau4 fung1 ging2 hou2 leng3.）（尖沙咀天星码头风景真漂亮。）	
row	sentence	碼頭			例句：喺碼頭搭船過海。（hai2 maa5 tau4 daap3 syun4 gwo3 hoi2.）（在码头坐轮渡过海。）	
row	pron	等	[dang2]		[dang2] 等，等待，让〈动〉	
row	sentence	等			例句：喺度等我一陣，好快返嚟。（hai2 dou6 dang2 ngo5 jat1 zan6, hou2 faai3 faan1 lai4.）（在这等我一会儿，很快回来。）	
row	sentence	等			例句：等我嚟幫你搞掂佢。（dang2 ngo5 lai4 bong1 nei5 gaau2 dim6 keoi5.）（让我来帮你解决它。）	
row	pron	篤	[doek1]		[doek1] 坨，滩，堆；尽头〈量/名〉	
row	sentence	篤			例句：地下有一篤水，小心跣倒。（dei6 haa2 jau5 jat1 doek1 seoi2, siu2 sam1 sin2 dou2.）（地上有一滩水，小心滑倒。）	
row	sentence	篤			例句：行到巷仔最篤就係。（haang4 dou3 hong6 zai2 zeoi3 doek1 zau6 hai6.）（走到小巷最尽头就是了。）	
row	pron	簽單	[cim1 daan1]		[cim1 daan1] 签署合同/单据，刷卡签单，成交〈动〉	
row	sentence	簽單			例句：呢單生意終於簽單成功！（ni1 daan1 saang1 ji3 zung1 jyu1 cim1 daan1 sing4 gung1!）（这笔生意终于成功签单了！）	
row	sentence	簽單			例句：請喺呢度簽名確認。（cing2 hai2 ni1 dou6 cim1 meng2 kok3 jing6.）（请在这里签名确认。）	
row	pron	粒	[nap1]		[nap1] 颗，粒（量词，用于小圆物）〈量〉	
row	sentence	粒			例句：呢粒糖好甜。（ni1 nap1 tong2 hou2 tim4.）（这颗糖很甜。）	
row	sentence	粒			例句：粒掣壞咗，禁唔到。（nap1 zai3 waai6 zo2, gam6 m4 dou2.）（那个按钮坏了，按不下去。）	
row	pron	糖水	[tong4 seoi2]		[tong4 seoi2] 糖水，广式传统甜品〈名〉	
row	sentence	糖水			例句：夜晚去食碗芝麻糊糖水。（je6 maan5 heoi3 sik6 wun2 zi1 maa4 wu4 tong4 seoi2.）（晚上去吃一碗黑芝麻糊糖水。）	
row	sentence	糖水			例句：紅豆沙糖水煮得好起沙。（hung4 dau2 saa1 tong4 seoi2 zyu2 dak1 hou2 hei2 saa1.）（红豆沙糖水煮得很起沙绵密。）	
row	pron	紅綠燈	[hung4 luk6 dang1]		[hung4 luk6 dang1] 交通信号灯，红绿灯〈名〉	
row	sentence	紅綠燈			例句：紅燈停，綠燈行。（hung4 dang1 ting4, luk6 dang1 haang4.）（红灯停，绿灯行。）	
row	sentence	紅綠燈			例句：等緊紅綠燈過馬路。（dang2 gan2 hung4 luk6 dang1 gwo3 maa5 lou6.）（正在等红绿灯过马路。）	
row	pron	紙巾	[zi2 gan1]		[zi2 gan1] 纸巾，餐巾纸〈名〉	
row	sentence	紙巾			例句：借張紙巾抹下手唔該。（ze3 zoeng1 zi2 gan1 maat3 haa5 sau2 m4 goi1.）（借张纸巾擦一下手麻烦。）	
row	sentence	紙巾			例句：隨身帶包紙巾好方便。（ceoi4 san1 daai3 baau1 zi2 gan1 hou2 fong1 bin6.）（随身带包纸巾很方便。）	
row	pron	細	[sai3]		[sai3] 小，年幼〈形〉	
row	sentence	細			例句：呢隻鞋太細，着唔落。（ni1 zek3 haai4 taai3 sai3, zoek3 m4 lok6.）（这只鞋太小，穿不进去。）	
row	sentence	細			例句：佢年紀仲細。（keoi5 nin4 gei2 zung6 sai3.）（他年纪还小。）	
row	pron	細佬	[sai3 lou2]		[sai3 lou2] 弟弟〈名〉	
row	sentence	細佬			例句：我細佬今年讀小學三年級。（ngo5 sai3 lou2 gam1 nin4 duk6 siu2 hok6 saam1 nin4 kap1.）（我弟弟今年上小学三年级。）	
row	sentence	細佬			例句：細佬好鍾意踢足球。（sai3 lou2 hou2 zung1 ji3 tek3 zuk1 kau4.）（弟弟很喜欢踢足球。）	
row	pron	細妹	[sai3 mui2]		[sai3 mui2] 妹妹〈名〉	
row	sentence	細妹			例句：細妹彈鋼琴彈得好聽。（sai3 mui2 daan6 gong3 kam4 daan6 dak1 hou2 teng1.）（妹妹钢琴弹得很好听。）	
row	sentence	細妹			例句：細妹笑得好甜。（sai3 mui2 siu3 dak1 hou2 tim4.）（妹妹笑得很甜。）	
row	pron	細路	[sai3 lou6]		[sai3 lou6] 小孩，儿童〈名〉	
row	sentence	細路			例句：啲細路喺公園玩得好開心。（di1 sai3 lou6 hai2 gung1 jyun2 waan2 dak1 hou2 hoi1 sam1.）（孩子们在公园玩得很开心。）	
row	sentence	細路			例句：你唔好同啲細路計較啦。（nei5 m4 hou2 tung4 di1 sai3 lou6 gai3 gaau3 laa1.）（你别跟小孩子斤斤计较啦。）	
row	pron	緊	[gan2]		[gan2] 着，正（动态助词，表示动作正在进行）〈助〉	
row	sentence	緊			例句：我食緊飯，一陣覆你。（ngo5 sik6 gan2 faan6, jat1 zan6 fuk1 nei5.）（我正在吃饭，一会儿回复你。）	
row	sentence	緊			例句：佢睇緊電視。（keoi5 tai2 gan2 din6 si6.）（他正在看电视。）	
row	pron	縮沙	[suk1 saa1]		[suk1 saa1] 退缩，临阵退缩，反悔〈动〉	
row	sentence	縮沙			例句：應承咗人就唔好臨陣縮沙。（jing1 sing4 zo2 jan4 zau6 m4 hou2 lam4 zan6 suk1 saa1.）（答应了别人就不要临阵退缩。）	
row	sentence	縮沙			例句：關鍵時刻佢居然縮沙。（gwaan1 gin3 si4 hak1 keoi5 geoi1 jin4 suk1 saa1.）（关键时刻他居然退缩了。）	
row	pron	總之	[zung2 zi1]		[zung2 zi1] 总之，总而言之〈连/副〉	
row	sentence	總之			例句：總之小心為上。（zung2 zi1 siu2 sam1 wai4 soeng6.）（总之小心为上策。）	
row	sentence	總之			例句：總之大家平安就最好。（zung2 zi1 daai6 gaa1 ping4 on1 zau6 zeoi3 hou2.）（总而言之大家平平安安就最好了。）	
row	pron	老母	[lou5 mou5]		[lou5 mou5] 妈妈，母亲（日常口语称呼）〈名〉	
row	sentence	老母			例句：我老母煲嘅老火湯最好飲。（ngo5 lou5 mou5 bou1 ge3 lou5 fo2 tong1 zeoi3 hou2 jam2.）（我妈妈煲的老火靓汤最好喝。）	
row	sentence	老母			例句：今日打電話返去問候老母。（gam1 jat6 daa2 din6 waa2 faan1 heoi3 man6 hau6 lou5 mou5.）（今天打电话回去问候妈妈。）	
row	pron	老火湯	[lou5 fo2 tong1]		[lou5 fo2 tong1] 老火靓汤，煲汤〈名〉	
row	sentence	老火湯			例句：阿媽今日煲咗花生排骨老火湯。（aa3 maa1 gam1 jat6 bou1 zo2 faa1 sang1 paai4 gwat1 lou5 fo2 tong1.）（妈妈今天煲了花生排骨老火汤。）	
row	sentence	老火湯			例句：廣東人食飯一定要飲湯。（gwong2 dung1 jan4 sik6 faan6 jat1 ding6 jiu3 jam2 tong1.）（广东人吃饭一定要喝汤。）	
row	pron	老竇	[lou5 dau6]		[lou5 dau6] 爸爸，父亲（口语称呼）〈名〉	
row	sentence	老竇			例句：我老竇平時好鍾意飲早茶。（ngo5 lou5 dau6 ping4 si4 hou2 zung1 ji3 jam2 zou2 caa4.）（我爸爸平时很喜欢喝早茶。）	
row	sentence	老竇			例句：老竇教我要做個正直嘅人。（lou5 dau6 gaau3 ngo5 jiu3 zou6 go3 zing3 zik6 ge3 jan4.）（爸爸教导我要做个正直的人。）	
row	pron	老細	[lou5 sai3]		[lou5 sai3] 老板〈名〉	
row	sentence	老細			例句：老細今日請大家食晏晝。（lou5 sai3 gam1 jat6 cing2 daai6 gaa1 sik6 aan3 zau3.）（老板今天请大家吃午饭。）	
row	sentence	老細			例句：老細，埋單唔該！（lou5 sai3, maai4 daan1 m4 goi1!）（老板，买单麻烦！）	
row	pron	而家	[ji4 gaa1]		[ji4 gaa1] 现在，目前〈名/副〉	
row	sentence	而家			例句：而家幾多點啊？（ji4 gaa1 gei2 do1 dim2 aa3?）（现在几点啦？）	
row	sentence	而家			例句：我而家即刻過嚟。（ngo5 ji4 gaa1 zik1 hak1 gwo3 lai4.）（我现在马上过来。）	
row	pron	耐	[noi6]		[noi6] 久，时间长〈形〉	
row	sentence	耐			例句：好耐冇見，最近點啊？（hou2 noi6 mou5 gin3, zeoi3 gan6 dim2 aa3?）（好久不见，最近怎么样啊？）	
row	sentence	耐			例句：等咗好耐架巴士都仲未嚟。（dang2 zo2 hou2 noi6 gaa3 baa1 si2 dou1 zung6 mei6 lai4.）（等了好久那辆公交车都还没来。）	
row	pron	聽	[teng1]		[teng1] 听，聆听〈动〉	
row	sentence	聽			例句：你聽唔聽到我講嘢？（nei5 teng1 m4 teng1 dou2 ngo5 gong2 je5?）（你听得清我说话吗？）	
row	sentence	聽			例句：我喺度聽緊廣東歌。（ngo5 hai2 dou6 teng1 gan2 gwong2 dung1 go1.）（我在这边听粤语歌。）	
row	pron	聽日	[ting1 jat6]		[ting1 jat6] 明天〈名〉	
row	sentence	聽日			例句：聽日見啦，拜拜！（ting1 jat6 gin3 laa1, baai1 baai3!）（明天见啦，拜拜！）	
row	sentence	聽日			例句：聽日朝早九點開會。（ting1 jat6 ziu1 zou2 gau2 dim2 hoi1 wui2.）（明天早晨九点开会。）	
row	pron	肉	[juk6]		[juk6] 肉类〈名〉	
row	sentence	肉			例句：多菜少肉對腸胃好。（do1 coi3 siu2 juk6 deoi3 coeng4 wai6 hou2.）（多吃蔬菜少吃肉对肠胃好。）	
row	sentence	肉			例句：呢舊五花肉肥瘦分明。（ni1 gau6 ng5 faa1 juk6 fei4 sau3 fan1 ming4.）（这块五花肉肥瘦相间分明。）	
row	pron	肉緊	[juk6 gan2]		[juk6 gan2] 紧张心焦，极度投入，激动用力〈形〉	
row	sentence	肉緊			例句：睇世界盃決賽睇到大家超肉緊。（tai2 sai3 gaai3 bui1 kyut3 coi3 tai2 dou3 daai6 gaa1 ciu1 juk6 gan2.）（看世界杯决赛看得大家极度紧张投入。）	
row	sentence	肉緊			例句：見到得意BB忍唔住想肉緊咬一啖。（gin3 dou2 dak1 ji3 BB jan2 m4 zyu6 soeng2 juk6 gan2 ngaau5 jat1 daam6.）（看到可爱宝宝忍不住喜欢得想咬一口。）	
row	pron	肚	[tou5]		[tou5] 肚子，腹部〈名〉	
row	sentence	肚			例句：食錯嘢搞到肚痛。（sik6 co3 je5 gaau2 dou3 tou5 tung3.）（吃坏东西搞得肚子痛。）	
row	sentence	肚			例句：摸下個肚，食得好飽。（mo2 haa5 go3 tou5, sik6 dak1 hou2 baau2.）（摸一下肚子，吃得好饱。）	
row	pron	肚痛	[tou5 tung3]		[tou5 tung3] 腹痛，肚子痛〈动/形〉	
row	sentence	肚痛			例句：食完生冷嘢之後好肚痛。（sik6 jyun4 saang1 laang5 je5 zi1 hau6 hou2 tou5 tung3.）（吃完生冷生鲜之后肚子很痛。）	
row	sentence	肚痛			例句：肚痛得好犀利要去醫院。（tou5 tung3 dak1 hou2 sai1 lei6 jiu3 heoi3 ji1 jyun2.）（肚子痛得厉害要去医院。）	
row	pron	肚餓	[tou5 ngo6]		[tou5 ngo6] 肚子饿，饥饿〈形〉	
row	sentence	肚餓			例句：行咗大半日，好肚餓。（haang4 zo2 daai6 bun3 jat6, hou2 tou5 ngo6.）（走大半天了，肚子好饿。）	
row	sentence	肚餓			例句：肚餓就食啲嘢先啦。（tou5 ngo6 zau6 sik6 di1 je5 sin1 laa1.）（肚子饿就先吃点东西吧。）	
row	pron	背脊	[bui3 zek3]		[bui3 zek3] 后背，背部〈名〉	
row	sentence	背脊			例句：做完運動成個背脊都係汗。（zou6 jyun4 wan6 dung6 seng4 go3 bui3 zek3 dou1 hai6 hon6.）（做完运动整个后背都是汗水。）	
row	sentence	背脊			例句：坐姿要端正，唔好駝住背脊。（co5 zi1 jiu3 dyun1 zing3, m4 hou2 to4 zyu6 bui3 zek3.）（坐姿要端正，不要弓着背。）	
row	pron	腸粉	[coeng2 fan2]		[coeng2 fan2] 肠粉（布拉肠/抽屉肠粉）〈名〉	
row	sentence	腸粉			例句：我要一份牛肉腸粉加蛋。（ngo5 jiu3 jat1 fan6 ngau4 juk6 coeng2 fan2 gaa1 daan2.）（我要一份牛肉肠粉加蛋。）	
row	sentence	腸粉			例句：腸粉淋埋甜豉油先好食。（coeng2 fan2 lam4 maai4 tim4 si6 jau4 sin1 hou2 sik6.）（肠粉浇上甜酱油才好吃。）	
row	pron	膝頭哥	[sat1 tau4 go1]		[sat1 tau4 go1] 膝盖〈名〉	
row	sentence	膝頭哥			例句：跑步跌親整親個膝頭哥。（paau2 bou6 dit3 can1 zing2 can1 go3 sat1 tau4 go1.）（跑步摔倒弄伤了膝盖。）	
row	sentence	膝頭哥			例句：落雨天膝頭哥容易風濕痛。（lok6 jyu5 tin1 sat1 tau4 go1 jung4 ji6 fung1 sap1 tung3.）（下雨天膝盖容易风湿酸痛。）	
row	pron	膠袋	[gaau1 doi2]		[gaau1 doi2] 塑料袋〈名〉	
row	sentence	膠袋			例句：去超市買嘢記得自備環保袋，少用膠袋。（heoi3 ciu1 si5 maai5 je5 gei3 dak1 zi6 bei6 waan4 bou2 doi2, siu2 jung6 gaau1 doi2.）（去超市买东西记得自备环保袋，少用塑料袋。）	
row	sentence	膠袋			例句：攞個膠袋裝住啲垃圾。（lo2 go3 gaau1 doi2 zong1 zyu6 di1 laap6 saap3.）（拿个塑料袋装着垃圾。）	
row	pron	自己	[zi6 gei2]		[zi6 gei2] 自己〈代〉	
row	sentence	自己			例句：自己嘅事自己搞掂。（zi6 gei2 ge3 si6 zi6 gei2 gaau2 dim6.）（自己的事情自己搞定。）	
row	sentence	自己			例句：你要好好照顧自己。（nei5 jiu3 hou2 hou2 ziu3 gu3 zi6 gei2.）（你要好好照顾自己。）	
row	pron	花灑	[faa1 saa2]		[faa1 saa2] 花洒，淋浴喷头〈名〉	
row	sentence	花灑			例句：浴室嘅花灑水壓好足。（juk6 sat1 ge3 faa1 saa2 seoi2 aat3 hou2 zuk1.）（浴室的花洒水压很充足。）	
row	sentence	花灑			例句：換個新花灑沖涼更爽。（wun6 go3 san1 faa1 saa2 cung1 loeng4 gang3 song2.）（换个新花洒洗澡更畅快。）	
row	pron	花紅	[faa1 hung4]		[faa1 hung4] 奖金，年终奖，业绩分红〈名〉	
row	sentence	花紅			例句：公司今年業績好，派咗幾個月花紅。（gung1 si1 gam1 nin4 jip6 zik1 hou2, paai3 zo2 gei2 go3 jyut6 faa1 hung4.）（公司今年业绩好，发了几个月薪资的奖金分红。）	
row	sentence	花紅			例句：辛苦成年，最期待就係筆花紅。（san1 fu2 seng4 nin4, zeoi3 kei4 doi6 zau6 hai6 bat1 faa1 hung4.）（辛苦了一整年，最期待的就是那笔年终奖。）	
row	pron	茶几	[caa4 gei1]		[caa4 gei1] 茶几〈名〉	
row	sentence	茶几			例句：個茶几上面放咗幾盆鮮花。（go3 caa4 gei1 soeng6 min6 fong3 zo2 gei2 pun4 sin1 faa1.）（茶几上面摆了几盆鲜花。）	
row	sentence	茶几			例句：小心唔好撞到茶几角。（siu2 sam1 m4 hou2 zong6 dou2 caa4 gei1 gok3.）（小心别撞到茶几角。）	
row	pron	茶走	[caa4 zau2]		[caa4 zau2] 茶走（奶茶改用炼奶代替淡奶与砂糖）〈名〉	
row	sentence	茶走			例句：伙計，一杯熱茶走！（fo2 gei3, jat1 bui1 jit6 caa4 zau2!）（服务员，一杯热茶走！）	
row	sentence	茶走			例句：茶走味道特別香滑。（caa4 zau2 mei6 dou6 dak6 bit6 hoeng1 waat6.）（茶走味道特别香浓丝滑。）	
row	pron	茶餐廳	[caa4 caan1 teng1]		[caa4 caan1 teng1] 茶餐厅〈名〉	
row	sentence	茶餐廳			例句：去茶餐廳食個快餐。（heoi3 caa4 caan1 teng1 sik6 go3 faai3 caan1.）（去茶餐厅吃个便餐。）	
row	sentence	茶餐廳			例句：茶餐廳係香港特色飲食文化。（caa4 caan1 teng1 hai6 hoeng1 gong2 dak6 sik1 jam2 sik6 man4 faa3.）（茶餐厅是香港特色饮食文化。）	
row	pron	菠蘿包	[bo1 lo4 baau1]		[bo1 lo4 baau1] 菠萝包〈名〉	
row	sentence	菠蘿包			例句：買個菠蘿油做下午茶。（maai5 go3 bo1 lo4 jau4 zou6 haa6 zau3 caa4.）（买个菠萝油当作下午茶。）	
row	sentence	菠蘿包			例句：菠蘿包上面層脆皮好正。（bo1 lo4 baau1 soeng6 min6 cang4 ceoi3 pei4 hou2 zeng3.）（菠萝包上面那层脆皮太棒了。）	
row	pron	菠蘿油	[bo1 lo4 jau4]		[bo1 lo4 jau4] 菠萝油（热菠萝面包夹厚切冰牛油）〈名〉	
row	sentence	菠蘿油			例句：剛出爐嘅菠蘿油冰火交融，超好食！（gong1 ceot1 lou4 ge3 bo1 lo4 jau4 bing1 fo2 gaau1 jung4, ciu1 hou2 sik6!）（刚出炉的菠萝油冰火交融，太好吃了！）	
row	sentence	菠蘿油			例句：食下午茶必嗌菠蘿油。（sik6 haa6 zau3 caa4 bit1 aai3 bo1 lo4 jau4.）（吃下午茶必点菠萝油。）	
row	pron	落車	[lok6 ce1]		[lok6 ce1] 下车〈动〉	
row	sentence	落車			例句：下一站我就要落車喇。（haa6 jat1 zaam6 ngo5 zau6 jiu3 lok6 ce1 laa3.）（下一站我就要下车了。）	
row	sentence	落車			例句：司機，有落唔該！（si1 gei1, jau5 lok6 m4 goi1!）（司机，有下的麻烦停一下！）	
row	pron	落雨	[lok6 jyu5]		[lok6 jyu5] 下雨〈动〉	
row	sentence	落雨			例句：出面落緊大雨，唔好出街住。（ceot1 min6 lok6 gan2 daai6 jyu5, m4 hou2 ceot1 gaai1 zyu6.）（外面在下大雨，先别出门。）	
row	sentence	落雨			例句：落雨濕濕，出門小心踩到水氹。（lok6 jyu5 sap1 sap1, ceot1 mun4 siu2 sam1 caai2 dou2 seoi2 tam5.）（下雨天湿漉漉的，出门小心踩到水坑。）	
row	pron	蒸	[zing1]		[zing1] 清蒸（粤菜讲究清鲜脆嫩的核心手法）〈动〉	
row	sentence	蒸			例句：清蒸石斑魚火候啱啱好。（cing1 zing1 sek6 baan1 jyu4 fo2 hau6 ngaam1 ngaam1 hou2.）（清蒸石斑鱼火候掌握得刚刚好。）	
row	sentence	蒸			例句：水滾先落鑊蒸魚。（seoi2 gwan2 sin1 lok6 wok6 zing1 jyu4.）（水沸腾了再下锅蒸鱼。）	
row	pron	蚊	[man1]		[man1] 元，块（钱的单位）〈量〉	
row	sentence	蚊			例句：呢杯奶茶二十蚊。（ni1 bui1 naai5 caa4 jaa6 man1.）（这杯奶茶二十元。）	
row	sentence	蚊			例句：一共三十二蚊半。（jat1 gung6 saam1 sap6 ji6 man1 bun3.）（一共三十二块半。）	
row	pron	蛇王	[se4 wong4]		[se4 wong4] 上班偷懒，摸鱼；偷懒的人〈动/名〉	
row	sentence	蛇王			例句：老細一出門，佢就即刻蛇王睇片。（lou5 sai3 jat1 ceot1 mun4, keoi5 zau6 zik1 hak1 se4 wong4 tai2 pin2.）（老板一出门，他就立刻摸鱼看视频。）	
row	sentence	蛇王			例句：偷懶蛇王小心畀人投訴啊。（tau1 laan5 se4 wong4 siu2 sam1 bei2 jan4 tau4 sou3 aa3.）（偷懒摸鱼小心被人投诉举报啊。）	
row	pron	蛋撻	[daan6 taat1]		[daan6 taat1] 蛋挞（酥皮/牛油皮蛋挞）〈名〉	
row	sentence	蛋撻			例句：呢間餅家嘅酥皮蛋撻好出名。（ni1 gaan1 beng2 gaa1 ge3 sou1 pei4 daan6 taat1 hou2 ceot1 meng2.）（这家饼店的酥皮蛋挞很有名。）	
row	sentence	蛋撻			例句：趁熱食個蛋撻啦。（can3 jit6 sik6 go3 daan6 taat1 laa1.）（趁热吃个蛋挞吧。）	
row	pron	蝦餃	[haa1 gaau2]		[haa1 gaau2] 虾饺（粤式点心之王）〈名〉	
row	sentence	蝦餃			例句：蝦餃皮薄餡靚，隻隻都好大粒蝦。（haa1 gaau2 pei4 bok6 haam2 leng3, zek3 zek3 dou1 hou2 daai6 lap1 haa1.）（虾饺皮薄馅靓，个个都很大只虾仁。）	
row	sentence	蝦餃			例句：唔該嚟一籠蝦餃。（m4 goi1 lai4 jat1 lung4 haa1 gaau2.）（麻烦来一笼虾饺。）	
row	pron	蠢	[ceon2]		[ceon2] 笨，蠢，不聪明〈形〉	
row	sentence	蠢			例句：咁簡單嘅道理佢都唔明，真係蠢。（gam3 gaan2 daan1 ge3 dou6 lei5 keoi5 dou1 m4 ming4, zan1 hai6 ceon2.）（这么简单的道理他都不懂，真笨。）	
row	sentence	蠢			例句：一時做咗蠢事，好後悔。（jat1 si4 zou6 zo2 ceon2 si6, hou2 hau6 fui3.）（一时做了蠢事，很后悔。）	
row	pron	行	[haang4]		[haang4] 走，步行〈动〉	
row	sentence	行			例句：我每日都行路返工。（ngo5 mui5 jat6 dou1 haang4 lou6 faan1 gung1.）（我每天都走路去上班。）	
row	sentence	行			例句：行快兩步啦！（haang4 faai3 loeng5 bou6 laa1!）（走快两步吧！）	
row	pron	行街	[haang4 gaai1]		[haang4 gaai1] 逛街，散步购物〈动〉	
row	sentence	行街			例句：星期六我哋一齊去行街啦。（sing1 kei4 luk6 ngo5 dei6 jat1 cai4 heoi3 haang4 gaai1 laa1.）（星期六我们一起去逛街吧。）	
row	sentence	行街			例句：行街行到腳都軟晒。（haang4 gaai1 haang4 dou3 goek3 dou1 jyun5 saai3.）（逛街逛得腿都软了。）	
row	pron	行路	[haang4 lou6]		[haang4 lou6] 走路，步行〈动〉	
row	sentence	行路			例句：由呢度行路去地鐵站要五分鐘。（jau4 ni1 dou6 haang4 lou6 heoi3 dei6 tit3 zaam6 jiu3 ng5 fan1 zung1.）（从这里走路去地铁站要五分钟。）	
row	sentence	行路			例句：多啲行路有益身心。（do1 di1 haang4 lou6 jau5 jik1 san1 sam1.）（多走路有益身心健康。）	
row	pron	街市	[gaai1 si5]		[gaai1 si5] 菜市场〈名〉	
row	sentence	街市			例句：婆婆朝早去街市買新鮮菜。（po4 po2 ziu1 zou2 heoi3 gaai1 si5 maai5 san1 sin1 coi3.）（外婆早上去菜市场买新鲜蔬菜。）	
row	sentence	街市			例句：街市啲海鮮好生猛。（gaai1 si5 di1 hoi2 sin1 hou2 saang1 maang5.）（菜市场的海鲜非常活蹦乱跳。）	
row	pron	衣櫃	[ji1 gwai6]		[ji1 gwai6] 衣柜〈名〉	
row	sentence	衣櫃			例句：把洗乾淨嘅衫放返入衣櫃。（baa2 sai2 gon1 zeng6 ge3 saam1 fong3 faan1 jap6 ji1 gwai6.）（把洗干净的衣服放回衣柜里。）	
row	sentence	衣櫃			例句：衣櫃入面好多衫。（ji1 gwai6 jap6 min6 hou2 do1 saam1.）（衣柜里面有很多衣服。）	
row	pron	西多士	[sai1 do1 si2]		[sai1 do1 si2] 法兰西多士（油炸裹蛋液吐司配牛油与糖浆）〈名〉	
row	sentence	西多士			例句：西多士淋上糖漿同牛油，邪惡又好食。（sai1 do1 si2 lam4 soeng5 tong4 zoeng1 tung4 ngau4 jau4, ce4 ok3 jau6 hou2 sik6.）（西多士浇上糖浆和黄油，卡路里爆棚又极美味。）	
row	sentence	西多士			例句：下晝食個西多士飲杯奶茶。（haa6 zau3 sik6 go3 sai1 do1 si2 jam2 bui1 naai5 caa4.）（下午吃个西多士喝杯奶茶。）	
row	pron	見工	[gin3 gung1]		[gin3 gung1] 面试，求职应聘〈动〉	
row	sentence	見工			例句：佢聽日朝早去一間大公司見工。（keoi5 ting1 jat6 ziu1 zou2 heoi3 jat1 gaan1 daai6 gung1 si1 gin3 gung1.）（他明天早上去一家大公司面试求职。）	
row	sentence	見工			例句：見工嗰陣千祈唔好緊張。（gin3 gung1 go2 zan6 cin1 kei4 m4 hou2 gan2 zoeng1.）（面试的时候千万不要紧张。）	
row	pron	親	[can1]		[can1] 到，及（动作触及某结果，多表意外受损）〈助〉	
row	sentence	親			例句：小心整親隻手。（siu2 sam1 zing2 can1 zek3 sau2.）（小心弄伤了手。）	
row	sentence	親			例句：佢跌親個膝頭哥。（keoi5 dit3 can1 go3 sat1 tau4 go1.）（他摔伤了膝盖。）	
row	pron	試下	[si3 haa5]		[si3 haa5] 试一下，尝一下〈动〉	
row	sentence	試下			例句：你試下呢味餸，味道幾好㗎。（nei5 si3 haa5 ni1 mei6 sung3, mei6 dou6 gei2 hou2 gaa3.）（你尝尝这道菜，味道挺好的。）	
row	sentence	試下			例句：唔試過點知得唔得？（m4 si3 gwo3 dim2 zi1 dak1 m4 dak1?）（不试过怎么知道行不行？）	
row	pron	論盡	[leon6 zeon6]		[leon6 zeon6] 笨手笨脚，动作不灵活，笨拙〈形〉	
row	sentence	論盡			例句：搬嘢小心啲，唔好咁論盡跌爛嘢。（bun1 je5 siu2 sam1 di1, m4 hou2 gam3 leon6 zeon6 dit3 laan6 je5.）（搬东西小心点，别笨手笨脚摔烂了东西。）	
row	sentence	論盡			例句：佢行步路都論論盡盡。（keoi5 haang4 bou6 lou6 dou1 leon6 leon6 zeon6 zeon6.）（他走起路来都笨手笨脚跌跌撞撞的。）	
row	pron	諗	[nam2]		[nam2] 想，思考，以为〈动〉	
row	sentence	諗			例句：等我認真諗下先。（dang2 ngo5 jing6 zan1 nam2 haa5 sin1.）（等我认真想一想先。）	
row	sentence	諗			例句：你喺度諗緊咩啊？（nei5 hai2 dou6 nam2 gan2 me1 aa3?）（你在想什么呢？）	
row	pron	講	[gong2]		[gong2] 说，讲〈动〉	
row	sentence	講			例句：唔該你講慢少少。（m4 goi1 nei5 gong2 maan6 siu2 siu2.）（麻烦你讲慢一点点。）	
row	sentence	講			例句：佢好識講嘢。（keoi5 hou2 sik1 gong2 je5.）（他很会说话。）	
row	pron	講價	[gong2 gaa3]		[gong2 gaa3] 讨价还价，讲价〈动〉	
row	sentence	講價			例句：去女人街買嘢一定要識講價。（heoi3 neoi5 jan4 gaai1 maai5 je5 jat1 ding6 jiu3 sik1 gong2 gaa3.）（去女人街买东西一定要会砍价。）	
row	sentence	講價			例句：呢度係明碼實價，冇得講價。（ni1 dou6 hai6 ming4 maa5 sat6 gaa3, mou5 dak1 gong2 gaa3.）（这里是明码实价，不讲价。）	
row	pron	講數	[gong2 sou3]		[gong2 sou3] 谈判，交涉，摆平纠纷〈动〉	
row	sentence	講數			例句：雙方代表坐低講數，尋求解決方案。（soeng1 fong1 doi6 biu2 co5 dai1 gong2 sou3, cam4 kau4 gaai2 kyut3 fong1 on3.）（双方代表坐下来谈判，寻求解决方案。）	
row	sentence	講數			例句：有咩問題大家可以平心靜氣講數。（jau5 me1 man6 tai4 daai6 gaa1 ho2 ji5 ping4 sam1 zing6 hei3 gong2 sou3.）（有什么问题大家可以心平气和地交涉。）	
row	pron	識	[sik1]		[sik1] 认识，懂得，会〈动〉	
row	sentence	識			例句：你識唔識講廣東話？（nei5 sik1 m4 sik1 gong2 gwong2 dung1 waa2?）（你会说粤语吗？）	
row	sentence	識			例句：我好耐之前就識佢。（ngo5 hou2 noi6 zi1 cin4 zau6 sik1 keoi5.）（我很早以前就认识他。）	
row	pron	貴	[gwai3]		[gwai3] 昂贵〈形〉	
row	sentence	貴			例句：商場啲嘢好貴。（soeng1 coeng4 di1 je5 hou2 gwai3.）（商场里的东西很贵。）	
row	sentence	貴			例句：太貴喇，買唔起。（taai3 gwai3 laa3, maai5 m4 hei2.）（太贵了，买不起。）	
row	pron	買	[maai5]		[maai5] 买，购买〈动〉	
row	sentence	買			例句：我想買包紙巾。（ngo5 soeng2 maai5 baau1 zi2 gan1.）（我想买包纸巾。）	
row	sentence	買			例句：呢部電腦喺邊度買㗎？（ni1 bou6 din6 nou5 hai2 bin1 dou6 maai5 gaa3?）（这部电脑在哪里买的？）	
row	pron	賣	[maai6]		[maai6] 卖，出售〈动〉	
row	sentence	賣			例句：呢間舖頭賣嘅嘢好抵。（ni1 gaan1 pou3 tau4 maai6 ge3 je5 hou2 dai2.）（这家店铺卖的东西很划算。）	
row	sentence	賣			例句：西瓜點樣賣啊？（sai1 gwaa1 dim2 joeng2 maai6 aa3?）（西瓜怎么卖呀？）	
row	pron	走數	[zau2 sou3]		[zau2 sou3] 欠债潜逃，赖账，爽约食言〈动〉	
row	sentence	走數			例句：做人最緊要講信用，千祈咪走數。（zou6 jan4 zeoi3 gan2 jiu3 gong2 seon3 jung6, cin1 kei4 mai5 zau2 sou3.）（做人最讲究信用，千万别赖账爽约。）	
row	sentence	走數			例句：間公司欠供應商幾百萬之後走咗數。（gaan1 gung1 si1 him3 gung1 jing3 soeng1 gei2 baak3 maan6 zi1 hau6 zau2 zo2 sou3.）（那家公司欠供应商几百万之后潜逃赖账了。）	
row	pron	起身	[hei2 san1]		[hei2 san1] 起床，起立〈动〉	
row	sentence	起身			例句：快啲起身啦，返學就嚟遲到喇！（faai3 di1 hei2 san1 laa1, faan1 hok6 zau6 lai4 ci4 dou3 laa3!）（快点起床啦，上学快迟到了！）	
row	sentence	起身			例句：我今日朝早六點就起咗身。（ngo5 gam1 jat6 ziu1 zou2 luk6 dim2 zau6 hei2 zo2 san1.）（我今天早晨六点就起床了。）	
row	pron	跑	[paau2]		[paau2] 跑，奔跑〈动〉	
row	sentence	跑			例句：佢跑得好快。（keoi5 paau2 dak1 hou2 faai3.）（他跑得很快。）	
row	sentence	跑			例句：每日朝早我都要跑半個鐘。（mui5 jat6 ziu1 zou2 ngo5 dou1 jiu3 paau2 bun3 go3 zung1.）（每天早晨我都要跑步半小时。）	
row	pron	跳槽	[tiu3 cou4]		[tiu3 cou4] 跳槽，跳槽换工作〈动〉	
row	sentence	跳槽			例句：有同行高薪挖角，佢決定跳槽。（jau5 tung4 hong4 gou1 san1 waat3 gok3, keoi5 kyut3 ding6 tiu3 cou4.）（有同行高薪挖角，他决定跳槽。）	
row	sentence	跳槽			例句：跳槽前要考慮清楚職業發展。（tiu3 cou4 cin4 jiu3 haau2 leoi6 cing1 co2 zik1 jip6 faat3 zin2.）（跳槽前要考虑清楚职业发展前景。）	
row	pron	車仔麵	[ce1 zai2 min6]		[ce1 zai2 min6] 车仔面（香港平民自选配料汤面）〈名〉	
row	sentence	車仔麵			例句：車仔麵可以自己揀餸，我揀咗牛腩同蘿蔔。（ce1 zai2 min6 ho2 ji5 zi6 gei2 gaan2 sung3, ngo5 gaan2 zo2 ngau4 naam5 tung4 lo4 baak6.）（车仔面可以自选配菜，我选了牛腩和白萝卜。）	
row	sentence	車仔麵			例句：車仔麵嘅咖喱汁好濃。（ce1 zai2 min6 ge3 gaa3 lei1 zap1 hou2 nung4.）（车仔面的咖喱酱汁非常香浓。）	
row	pron	返	[faan1]		[faan1] 恢复，返回，重新回到原态〈助/动〉	
row	sentence	返			例句：休息完個人精神返晒。（jau1 sik1 jyun4 go3 jan4 zing1 san4 faan1 saai3.）（休息完之后整个人重新精神起来了。）	
row	sentence	返			例句：找返廿蚊畀你。（zaau2 faan1 jaa6 man1 bei2 nei5.）（找回二十块钱给你。）	
row	pron	返學	[faan1 hok6]		[faan1 hok6] 上学〈动〉	
row	sentence	返學			例句：小朋友朝早七點半返學。（siu2 pang4 jau5 ziu1 zou2 cat1 dim2 bun3 faan1 hok6.）（小朋友早晨七点半上学。）	
row	sentence	返學			例句：今日學校放假，唔使返學。（gam1 jat6 hok6 haau6 fong3 gaa3, m4 sai2 faan1 hok6.）（今天学校放假，不用上学。）	
row	pron	返屋企	[faan1 uk1 kei2]		[faan1 uk1 kei2] 回家〈动〉	
row	sentence	返屋企			例句：時間唔早啦，我都要返屋企咯。（si4 gaan3 m4 zou2 laa1, ngo5 dou1 jiu3 faan1 uk1 kei2 lok3.）（时间不早了，我也得回家了。）	
row	sentence	返屋企			例句：你幾時返屋企食飯？（nei5 gei2 si4 faan1 uk1 kei2 sik6 faan6?）（你什么时候回家吃饭？）	
row	pron	返工	[faan1 gung1]		[faan1 gung1] 上班〈动〉	
row	sentence	返工			例句：聽日星期一，又要返工。（ting1 jat6 sing1 kei4 jat1, jau6 jiu3 faan1 gung1.）（明天星期一，又要上班了。）	
row	sentence	返工			例句：你平時幾點返工啊？（nei5 ping4 si4 gei2 dim2 faan1 gung1 aa3?）（你平时几点上班呀？）	
row	pron	過	[gwo3]		[gwo3] 过（表示经历；超过；重新）〈助/动〉	
row	sentence	過			例句：我去過廣州塔。（ngo5 heoi3 gwo3 gwong2 zau1 taap3.）（我去过广州塔。）	
row	sentence	過			例句：寫得唔好，重新寫過。（se2 dak1 m4 hou2, cung4 san1 se2 gwo3.）（写得不好，重新再写一遍。）	
row	pron	過數	[gwo3 sou3]		[gwo3 sou3] 转账，银行汇款〈动〉	
row	sentence	過數			例句：我已經用手機銀行過咗數畀你。（ngo5 ji5 ging1 jung6 sau2 gei1 ngan4 hong4 gwo3 zo2 sou3 bei2 nei5.）（我已经用手机银行转账给你了。）	
row	sentence	過數			例句：收到款之後唔該通知我聲。（sau1 dou2 fun2 zi1 hau6 m4 goi1 tung1 zi1 ngo5 seng1.）（收到款之后麻烦告知我一声。）	
row	pron	過橋抽板	[gwo3 kiu4 cau1 baan2]		[gwo3 kiu4 cau1 baan2] 过河拆桥，得到好处后就背弃帮助过自己的人〈熟语〉	
row	sentence	過橋抽板			例句：做人千祈唔好過橋抽板。（zou6 jan4 cin1 kei4 m4 hou2 gwo3 kiu4 cau1 baan2.）（做人千万不要过河拆桥忘恩负义。）	
row	sentence	過橋抽板			例句：幫完佢之後佢即刻過橋抽板。（bong1 jyun4 keoi5 zi1 hau6 keoi5 zik1 hak1 gwo3 kiu4 cau1 baan2.）（帮完他之后他立刻过河拆桥不认人。）	
row	pron	過馬路	[gwo3 maa5 lou6]		[gwo3 maa5 lou6] 过马路〈动〉	
row	sentence	過馬路			例句：過馬路睇紅綠燈。（gwo3 maa5 lou6 tai2 hung4 luk6 dang1.）（过马路看红绿灯。）	
row	sentence	過馬路			例句：拖實小朋友手過馬路。（to1 sat6 siu2 pang4 jau5 sau2 gwo3 maa5 lou6.）（牵紧小朋友的手过马路。）	
row	pron	遞信	[dai6 seon3]		[dai6 seon3] 递交辞职信，辞职〈动〉	
row	sentence	遞信			例句：佢搵到更好嘅工，琴日遞咗信。（keoi5 wan2 dou2 gang3 hou2 ge3 gung1, kam4 jat6 dai6 zo2 seon3.）（他找到了更好的工作，昨天递了辞职信。）	
row	sentence	遞信			例句：遞信之後仲要遞一個月通知期。（dai6 seon3 zi1 hau6 zung6 jiu3 dai6 jat1 go3 jyut6 tung1 zi1 kei4.）（辞职之后还要有一个月的交接通知期。）	
row	pron	遮	[ze1]		[ze1] 雨伞；遮挡〈名/动〉	
row	sentence	遮			例句：出面落大雨，帶把遮啦。（ceot1 min6 lok6 daai6 jyu5, daai3 baa2 ze1 laa1.）（外面下大雨，带把伞吧。）	
row	sentence	遮			例句：我哋兩個人遮一把遮。（ngo5 dei6 loeng5 go3 jan4 ze1 jat1 baa2 ze1.）（我们两个人撑一把伞。）	
row	pron	邊個	[bin1 go3]		[bin1 go3] 谁，哪一个〈代〉	
row	sentence	邊個			例句：邊個打電話畀你啊？（bin1 go3 daa2 din6 waa2 bei2 nei5 aa3?）（谁打电话给你呀？）	
row	sentence	邊個			例句：邊個想食冰淇淋？（bin1 go3 soeng2 sik6 bing1 kei4 lam4?）（谁想吃冰淇淋？）	
row	pron	邊度	[bin1 dou6]		[bin1 dou6] 哪里，哪儿〈代〉	
row	sentence	邊度			例句：洗手間喺邊度啊？（sai2 sau2 gaan1 hai2 bin1 dou6 aa3?）（洗手间在哪里呀？）	
row	sentence	邊度			例句：你住喺邊度？（nei5 zyu6 hai2 bin1 dou6?）（你住在哪里？）	
row	pron	醒目	[seng2 muk6]		[seng2 muk6] 聪明伶俐，机灵敏锐〈形〉	
row	sentence	醒目			例句：呢個後生仔好醒目，一點就明。（ni1 go3 hau6 saang1 zai2 hou2 seng2 muk6, jat1 dim2 zau6 ming4.）（这个年轻人很聪明机灵，一点就通。）	
row	sentence	醒目			例句：出外做事最緊要醒目。（ceot1 ngoi6 zou6 si6 zeoi3 gan2 jiu3 seng2 muk6.）（出门在外做事最重要机灵机敏。）	
row	pron	銀包	[ngan4 baau1]		[ngan4 baau1] 钱包〈名〉	
row	sentence	銀包			例句：我唔記得帶銀包出門。（ngo5 m4 gei3 dak1 daai3 ngan4 baau1 ceot1 mun4.）（我忘了带钱包出门。）	
row	sentence	銀包			例句：銀包入面有身份證同銀行卡。（ngan4 baau1 jap6 min6 jau5 san1 fan2 zing3 tung4 ngan4 hong4 kaat1.）（钱包里面有身份证和银行卡。）	
row	pron	錯	[co3]		[co3] 错，错误〈形〉	
row	sentence	錯			例句：呢道算式計錯咗。（ni1 dou6 syun3 sik1 gai3 co3 zo2.）（这道算式算错了。）	
row	sentence	錯			例句：認錯人，好尷尬。（jing6 co3 jan4, hou2 gaam1 gaa3.）（认错人了，好尴尬。）	
row	pron	鍾意	[zung1 ji3]		[zung1 ji3] 喜欢，喜爱，中意〈动〉	
row	sentence	鍾意			例句：我好鍾意食廣東點心。（ngo5 hou2 zung1 ji3 sik6 gwong2 dung1 dim2 sam1.）（我很喜欢吃广式点心。）	
row	sentence	鍾意			例句：你鍾唔鍾意睇戲啊？（nei5 zung1 m4 zung1 ji3 tai2 hei3 aa3?）（你喜不喜欢看电影呀？）	
row	pron	鎖匙	[so2 si4]		[so2 si4] 钥匙〈名〉	
row	sentence	鎖匙			例句：出門口記住帶鎖匙。（ceot1 mun4 hau2 gei3 zyu6 daai3 so2 si4.）（出门记住带钥匙。）	
row	sentence	鎖匙			例句：我唔見咗道門嘅鎖匙。（ngo5 m4 gin3 zo2 dou6 mun4 ge3 so2 si4.）（我弄丢了那扇门的钥匙。）	
row	pron	鑊氣	[wok6 hei3]		[wok6 hei3] 锅气（高温烈火炒菜产生的独特香气）〈名〉	
row	sentence	鑊氣			例句：呢碟牛柳鑊氣十足，超好味！（ni1 dip6 ngau4 lau5 wok6 hei3 sap6 zuk1, ciu1 hou2 mei6!）（这盘牛柳锅气十足，超级美味！）	
row	sentence	鑊氣			例句：大排檔炒餸最有鑊氣。（daai6 paai4 dong3 caau2 sung3 zeoi3 jau5 wok6 hei3.）（大排档炒菜最有独特的锅气。）	
row	pron	閂	[saan1]		[saan1] 关，闭（门窗）〈动〉	
row	sentence	閂			例句：出門記得閂窗。（ceot1 mun4 gei3 dak1 saan1 coeng1.）（出门记得关窗。）	
row	sentence	閂			例句：冷氣好凍，唔該閂門。（laang5 hei3 hou2 dung3, m4 goi1 saan1 mun4.）（空调很冷，麻烦关门。）	
row	pron	閉翳	[bai3 ai3]		[bai3 ai3] 发愁，忧愁，心情烦闷不畅〈形〉	
row	sentence	閉翳			例句：唔好咁閉翳啦，車到山前必有路。（m4 hou2 gam3 bai3 ai3 laa1, ce1 dou3 saan1 cin4 bit1 jau5 lou6.）（别这么发愁啦，车到山前必有路。）	
row	sentence	閉翳			例句：見佢成日坐喺度閉翳，唔知咩事。（gin3 keoi5 seng4 jat6 co5 hai2 dou6 bai3 ai3, m4 zi1 me1 si6.）（见他整天坐在这发愁，不知道为了什么事。）	
row	pron	開	[hoi1]		[hoi1] 开，打开，开始〈动〉	
row	sentence	開			例句：唔該幫手開下門。（m4 goi1 bong1 sau2 hoi1 haa5 mun4.）（麻烦帮手开一下门。）	
row	sentence	開			例句：我哋準備開會喇。（ngo5 dei6 zeon2 bei6 hoi1 wui2 laa3.）（我们准备开会了。）	
row	pron	開OT	[hoi1 ou1 ti1]		[hoi1 ou1 ti1] 加班（OT即Overtime）〈动〉	
row	sentence	開OT			例句：趕項目進度，今晚全體開OT。（gon2 hong6 muk6 zeon3 dou6, gam1 maan5 cyun4 tai2 hoi1 ou1 ti1.）（赶项目进度，今晚全体员工加班。）	
row	sentence	開OT			例句：開OT開到半夜，好想瞓覺。（hoi1 ou1 ti1 hoi1 dou3 bun3 je6, hou2 soeng2 fan3 gaau3.）（加班加到半夜，好想睡觉。）	
row	pron	開心	[hoi1 sam1]		[hoi1 sam1] 开心，愉快〈形〉	
row	sentence	開心			例句：今日玩得好開心！（gam1 jat6 waan2 dak1 hou2 hoi1 sam1!）（今天玩得真开心！）	
row	sentence	開心			例句：見到你我都好開心。（gin3 dou2 nei5 ngo5 dou1 hou2 hoi1 sam1.）（见到你我也很高兴。）	
row	pron	開會	[hoi1 wui2]		[hoi1 wui2] 开会〈动〉	
row	sentence	開會			例句：下晝兩點開部門例會。（haa6 zau3 loeng5 dim2 hoi1 bou6 mun4 lai6 wui2.）（下午两点开部门例会。）	
row	sentence	開會			例句：開會記得帶手提電腦同筆記本。（hoi1 wui2 gei3 dak1 daai3 sau2 tai4 din6 nou5 tung4 bat1 gei3 bun2.）（开会记得带笔记本电脑和笔记本。）	
row	pron	阿公	[aa3 gung1]		[aa3 gung1] 外公，姥爷〈名〉	
row	sentence	阿公			例句：阿公以前係中學校長。（aa3 gung1 ji5 cin4 hai6 zung1 hok6 haau6 zoeng2.）（外公以前是中学校长。）	
row	sentence	阿公			例句：放假返鄉下探阿公。（fong3 gaa3 faan1 hoeng1 haa2 taam3 aa3 gung1.）（放假回老家探望外公。）	
row	pron	阿哥	[aa3 go1]		[aa3 go1] 哥哥〈名〉	
row	sentence	阿哥			例句：我阿哥讀大學電腦系。（ngo5 aa3 go1 duk6 daai6 hok6 din6 nou5 hai6.）（我哥哥在大学念计算机系。）	
row	sentence	阿哥			例句：阿哥好照顧細佬妹。（aa3 go1 hou2 ziu3 gu3 sai3 lou6 mui2.）（哥哥很照顾弟弟妹妹。）	
row	pron	阿媽	[aa3 maa1]		[aa3 maa1] 妈妈〈名〉	
row	sentence	阿媽			例句：阿媽成日叮囑我要早瞓。（aa3 maa1 seng4 jat6 ding1 zuk1 ngo5 jiu3 zou2 fan3.）（妈妈整天叮嘱我要早点睡觉。）	
row	sentence	阿媽			例句：阿媽煮嘅飯最有家嘅味道。（aa3 maa1 zyu2 ge3 faan6 zeoi3 jau5 gaa1 ge3 mei6 dou6.）（妈妈做的饭最具有家的味道。）	
row	pron	阿嫂	[aa3 sou2]		[aa3 sou2] 嫂子〈名〉	
row	sentence	阿嫂			例句：阿嫂整嘅甜品好好食。（aa3 sou2 zing2 ge3 tim4 ban2 hou2 hou2 sik6.）（嫂子做的甜品非常好吃。）	
row	sentence	阿嫂			例句：阿哥同阿嫂感情好好。（aa3 go1 tung4 aa3 sou2 gam2 cing4 hou2 hou2.）（哥哥和嫂子感情非常好。）	
row	pron	阿嫲	[aa3 maa4]		[aa3 maa4] 奶奶，祖母〈名〉	
row	sentence	阿嫲			例句：阿嫲教我包粽。（aa3 maa4 gaau3 ngo5 baau1 zung2.）（奶奶教我包粽子。）	
row	sentence	阿嫲			例句：阿嫲好錫啲孫。（aa3 maa4 hou2 sek3 di1 syun1.）（奶奶非常疼爱孙辈。）	
row	pron	阿爸	[aa3 baa1]		[aa3 baa1] 爸爸〈名〉	
row	sentence	阿爸			例句：阿爸今晚煮幾味好餸。（aa3 baa1 gam1 maan5 zyu2 gei2 mei6 hou2 sung3.）（爸爸今晚做几样好菜。）	
row	sentence	阿爸			例句：同阿爸一齊去散步。（tung4 aa3 baa1 jat1 cai4 heoi3 saan3 bou6.）（和爸爸一起去散步。）	
row	pron	阿爺	[aa3 je4]		[aa3 je4] 爷爷，祖父〈名〉	
row	sentence	阿爺			例句：阿爺今年八十歲，身體仲好健康。（aa3 je4 gam1 nin4 baat3 sap6 seoi3, san1 tai2 zung6 hou2 gin6 hong1.）（爷爷今年八十岁，身体还很硬朗健康。）	
row	sentence	阿爺			例句：阿爺每日早上去公園打太極。（aa3 je4 mui5 jat6 zou2 soeng6 heoi3 gung1 jyun2 daa2 taai3 gik6.）（爷爷每天早上去公园打太极拳。）	
row	pron	陣	[zan6]		[zan6] 阵，一阵子（时间或风雨等）〈量/名〉	
row	sentence	陣			例句：過咗一陣佢就返嚟。（gwo3 zo2 jat1 zan6 keoi5 zau6 faan1 lai4.）（过了一会儿他就回来了。）	
row	sentence	陣			例句：啱啱落咗一陣狂風暴雨。（ngaam1 ngaam1 lok6 zo2 jat1 zan6 kwong4 fung1 bou6 jyu5.）（刚刚下了一阵狂风暴雨。）	
row	pron	除衫	[ceoi4 saam1]		[ceoi4 saam1] 脱衣服〈动〉	
row	sentence	除衫			例句：屋企開咗暖氣，可以除衫。（uk1 kei2 hoi1 zo2 nyun5 hei3, ho2 ji5 ceoi4 saam1.）（家里开了暖气，可以脱掉外套。）	
row	sentence	除衫			例句：熱就除咗件外套啦。（jit6 zau6 ceoi4 zo2 gin6 ngoi6 tou3 laa1.）（热就脱掉外套吧。）	
row	pron	隻	[zek3]		[zek3] 只（量词，用于动物、单只鞋袜手脚等）〈量〉	
row	sentence	隻			例句：呢隻狗好乖。（ni1 zek3 gau2 hou2 gwaai1.）（这只狗很乖巧。）	
row	sentence	隻			例句：我隻手整親咗。（ngo5 zek3 sau2 zing2 can1 zo2.）（我的手受伤弄伤了。）	
row	pron	雙皮奶	[soeng1 pei4 naai5]		[soeng1 pei4 naai5] 双皮奶（顺德传统水牛奶甜品）〈名〉	
row	sentence	雙皮奶			例句：順德大良雙皮奶奶香濃郁。（seon6 dak1 daai6 loeng4 soeng1 pei4 naai5 naai5 hoeng1 nung4 juk1.）（顺德大良双皮奶奶香极其浓郁。）	
row	sentence	雙皮奶			例句：冷熱雙皮奶各有風味。（laang5 jit6 soeng1 pei4 naai5 gok3 jau5 fung1 mei6.）（冰的和热的双皮奶各有千秋。）	
row	pron	雙糧	[soeng1 loeng4]		[soeng1 loeng4] 十三薪，年底双薪〈名〉	
row	sentence	雙糧			例句：份合約包年底雙糧。（fan6 hap6 joek3 baau1 nin4 dai2 soeng1 loeng4.）（这份工作合同包含年底双薪。）	
row	sentence	雙糧			例句：有雙糧加花紅，過個肥年。（jau5 soeng1 loeng4 gaa1 faa1 hung4, gwo3 go3 fei4 nin4.）（有双薪加奖金分红，过个丰盛肥年。）	
row	pron	雞蛋仔	[gai1 daan6 zai2]		[gai1 daan6 zai2] 鸡蛋仔（著名香港街头烘焙小吃）〈名〉	
row	sentence	雞蛋仔			例句：熱辣辣嘅雞蛋仔外脆內軟。（jit6 laat6 laat6 ge3 gai1 daan6 zai2 ngoi6 ceoi3 noi6 jyun5.）（热气腾腾的鸡蛋仔外皮酥脆内里松软。）	
row	sentence	雞蛋仔			例句：買底原味雞蛋仔邊行邊食。（maai5 dai2 jyun4 mei6 gai1 daan6 zai2 bin1 haang4 bin1 sik6.）（买一整份原味鸡蛋仔边走边吃。）	
row	pron	離譜	[lei4 pou2]		[lei4 pou2] 离谱，过分，荒唐不合常理〈形〉	
row	sentence	離譜			例句：一碗白飯賣五十蚊？太離譜喇！（jat1 wun2 baak6 faan6 maai6 ng5 sap6 man1? taai3 lei4 pou2 laa3!）（一碗白米饭卖五十块？太离谱了！）	
row	sentence	離譜			例句：佢做嘢越嚟越離譜，完全冇規矩。（keoi5 zou6 je5 jyut6 lai4 jyut6 lei4 pou2, jyun4 cyun4 mou5 kwai1 geoi2.）（他做事越来越离谱，完全不守规矩。）	
row	pron	雪櫃	[syut3 gwai6]		[syut3 gwai6] 冰箱，电冰箱〈名〉	
row	sentence	雪櫃			例句：雪櫃入面仲有半個西瓜。（syut3 gwai6 jap6 min6 zung6 jau5 bun3 go3 sai1 gwaa1.）（冰箱里面还有半个西瓜。）	
row	sentence	雪櫃			例句：買返嚟嘅肉放落雪櫃先。（maai5 faan1 lai4 ge3 juk6 fong3 lok6 syut3 gwai6 sin1.）（买回来的肉先放进冰箱里。）	
row	pron	雲吞麵	[wan4 tan1 min6]		[wan4 tan1 min6] 馄饨面，云吞面〈名〉	
row	sentence	雲吞麵			例句：鮮蝦雲吞麵湯底好清甜。（sin1 haa1 wan4 tan1 min6 tong1 dai2 hou2 cing1 tim4.）（鲜虾云吞面的汤底很清甜鲜美。）	
row	sentence	雲吞麵			例句：呢度啲竹昇麵好有彈性。（ni1 dou6 di1 zuk1 sing1 min6 hou2 jau5 daan6 sing3.）（这里的竹升面很有韧劲。）	
row	pron	電掣	[din6 zai3]		[din6 zai3] 开关，电源插座〈名〉	
row	sentence	電掣			例句：臨出門記得熄晒所有電掣。（lam4 ceot1 mun4 gei3 dak1 sik1 saai3 so2 jau5 din6 zai3.）（出门前记得关掉所有电源开关。）	
row	sentence	電掣			例句：呢個電掣插座鬆咗。（ni1 go3 din6 zai3 caap3 zo6 sung1 zo2.）（这个电源插座松动了。）	
row	pron	電視	[din6 si6]		[din6 si6] 电视机，电视节目〈名〉	
row	sentence	電視			例句：一家人齊齊整整睇電視。（jat1 gaa1 jan4 cai4 cai4 zing2 zing2 tai2 din6 si6.）（一家人齐齐整整看电视。）	
row	sentence	電視			例句：今晚有精彩嘅足球直播。（gam1 maan5 jau5 zing1 coi2 ge3 zuk1 kau4 zik6 bo3.）（今晚有精彩的足球直播。）	
row	pron	電話	[din6 waa2]		[din6 waa2] 电话，手机〈名〉	
row	sentence	電話			例句：部電話響咗好耐。（bou6 din6 waa2 hoeng2 zo2 hou2 noi6.）（电话响了很久。）	
row	sentence	電話			例句：得閒打電話畀我啦。（dak1 haan4 daa2 din6 waa2 bei2 ngo5 laa1.）（有空打电话给我吧。）	
row	pron	靓仔	[leng3 zai2]		[leng3 zai2] 帅哥（称呼青年男子）；白米饭〈名〉	
row	sentence	靓仔			例句：靚仔，要唔要飲杯茶？（leng3 zai2, jiu3 m4 jiu3 jam2 bui1 caa4?）（帅哥，要不要喝杯茶？）	
row	sentence	靓仔			例句：伙計，唔該加多個靚仔！（fo2 gei3, m4 goi1 gaa1 do1 go3 leng3 zai2!）（服务员，麻烦加一碗白米饭！）	
row	pron	靓女	[leng3 neoi2]		[leng3 neoi2] 美女（称呼青年女性）〈名〉	
row	sentence	靓女			例句：靚女，想買啲咩啊？（leng3 neoi2, soeng2 maai5 di1 me1 aa3?）（美女，想买点什么呀？）	
row	sentence	靓女			例句：個個都讚佢係個大靚女。（go3 go3 dou1 zaan3 keoi5 hai6 go3 daai6 leng3 neoi2.）（人人都夸她是个大美女。）	
row	pron	靚	[leng3]		[leng3] 美丽，漂亮，质量优良〈形〉	
row	sentence	靚			例句：今日天氣好靚。（gam1 jat6 tin1 hei3 hou2 leng3.）（今天天气很好。）	
row	sentence	靚			例句：呢條裙着得你好靚。（ni1 tiu4 kwan4 zoek3 dak1 nei5 hou2 leng3.）（这条裙子穿得你很漂亮。）	
row	pron	靜	[zing6]		[zing6] 安静，清静，冷清〈形〉	
row	sentence	靜			例句：夜晚嘅鄉村好寧靜。（je6 maan5 ge3 hoeng1 cyun1 hou2 ning4 zing6.）（夜晚的乡村非常宁静祥和。）	
row	sentence	靜			例句：呢間咖啡館好靜好舒服。（ni1 gaan1 gaa3 fe1 gun2 hou2 zing6 hou2 syu1 fuk6.）（这家咖啡馆很安静很舒适。）	
row	pron	靜雞雞	[zing6 gai1 gai1]		[zing6 gai1 gai1] 悄悄地，偷偷摸摸，暗中〈副〉	
row	sentence	靜雞雞			例句：佢靜雞雞走咗入房。（keoi5 zing6 gai1 gai1 zau2 zo2 jap6 fong2.）（他悄悄地溜进了房间。）	
row	sentence	靜雞雞			例句：千祈唔好靜雞雞搞事。（cin1 kei4 m4 hou2 zing6 gai1 gai1 gaau2 si6.）（千万不要暗地里搞鬼捣乱。）	
row	pron	鞋	[haai4]		[haai4] 鞋子〈名〉	
row	sentence	鞋			例句：入屋前要先除鞋。（jap6 uk1 cin4 jiu3 sin1 ceoi4 haai4.）（进屋前要先脱鞋。）	
row	sentence	鞋			例句：呢對波鞋好啱跑步。（ni1 deoi3 bo1 haai4 hou2 ngaam1 paau2 bou6.）（这双运动鞋很适合跑步。）	
row	pron	頂唔順	[ding2 m4 seon6]		[ding2 m4 seon6] 受不了，吃不消，难以忍受〈动〉	
row	sentence	頂唔順			例句：天氣咁熱又冇冷氣，真係頂唔順！（tin1 hei3 gam3 jit6 jau6 mou5 laang5 hei3, zan1 hai6 ding2 m4 seon6!）（天气这么热又没有空调，真吃不消！）	
row	sentence	頂唔順			例句：成日加班，個人都頂唔順喇。（seng4 jat6 gaa1 baan1, go3 jan4 dou1 ding2 m4 seon6 laa3.）（整天加班，整个人都吃不消了。）	
row	pron	頭先	[tau4 sin1]		[tau4 sin1] 刚才，方才〈名/副〉	
row	sentence	頭先			例句：頭先邊個打電話嚟？（tau4 sin1 bin1 go3 daa2 din6 waa2 lai4?）（刚才谁打电话过来了？）	
row	sentence	頭先			例句：我頭先喺路上撞見佢。（ngo5 tau4 sin1 hai2 lou6 soeng6 zong6 gin3 keoi5.）（我刚才在路上碰见他了。）	
row	pron	頭痛	[tau4 tung3]		[tau4 tung3] 头痛，令人发愁〈动/形〉	
row	sentence	頭痛			例句：琴晚冇瞓好，今日好頭痛。（kam4 maan5 mou5 fan3 hou2, gam1 jat6 hou2 tau4 tung3.）（昨晚没睡好，今天很头痛。）	
row	sentence	頭痛			例句：呢件事真係令人頭痛。（ni1 gin6 si6 zan1 hai6 ling6 jan4 tau4 tung3.）（这件事真是令人头痛。）	
row	pron	頸	[geng2]		[geng2] 脖子，颈部〈名〉	
row	sentence	頸			例句：成日低頭睇電話，條頸好酸痛。（seng4 jat6 dai1 tau4 tai2 din6 waa2, tiu4 geng2 hou2 syun1 tung3.）（整天低头看手机，脖子很酸痛。）	
row	sentence	頸			例句：天氣凍要圍條圍巾保暖條頸。（tin1 hei3 dung3 jiu3 wai4 tiu4 wai4 gan1 bou2 nyun5 tiu4 geng2.）（天气冷要围围巾给脖子保暖。）	
row	pron	風筒	[fung1 tung2]		[fung1 tung2] 吹风机，电吹风〈名〉	
row	sentence	風筒			例句：沖完涼用風筒吹乾頭髮。（cung1 jyun4 loeng4 jung6 fung1 tung2 ceoi1 gon1 tau4 faat3.）（洗完澡用吹风机吹干头发。）	
row	sentence	風筒			例句：呢個風筒風力好大。（ni1 go3 fung1 tung2 fung1 lik6 hou2 daai6.）（这个吹风机风力很大。）	
row	pron	食	[sik6]		[sik6] 吃〈动〉	
row	sentence	食			例句：快啲食啦，唔好放凍。（faai3 di1 sik6 laa1, m4 hou2 fong3 dung3.）（快点吃吧，别放凉了。）	
row	sentence	食			例句：你鍾意食咩點心？（nei5 zung1 ji3 sik6 me1 dim2 sam1?）（你喜欢吃什么点心？）	
row	pron	食死貓	[sik6 sei2 maau1]		[sik6 sei2 maau1] 背黑锅，代人受过，蒙冤受屈〈动〉	
row	sentence	食死貓			例句：明明唔係我做嘅，憑咩要我食死貓！（ming4 ming4 m4 hai6 ngo5 zou6 ge3, pang4 me1 jiu3 ngo5 sik6死maau1!）（明明不是我做的，凭什么要我背黑锅！）	
row	sentence	食死貓			例句：佢性格老實，成日畀人恰到要食死貓。（keoi5 sing3 gik3 lou5 sat6, seng4 jat6 bei2 jan4 haap1 dou3 jiu3 sik6 sei2 maau1.）（他性格老实，经常被欺负得代人受过。）	
row	pron	食藥	[sik6 joek6]		[sik6 joek6] 吃药，服药〈动〉	
row	sentence	食藥			例句：食完飯半個鐘先好食藥。（sik6 jyun4 faan6 bun3 go3 zung1 sin1 hou2 sik6 joek6.）（吃完饭半小时后再吃药。）	
row	sentence	食藥			例句：醫生開嘅藥好有效。（ji1 sang1 hoi1 ge3 joek6 hou2 jau5 haau6.）（医生开的药很见效。）	
row	pron	飲	[jam2]		[jam2] 喝，饮〈动〉	
row	sentence	飲			例句：天氣熱，飲多啲水啦。（tin1 hei3 jit6, jam2 do1 di1 seoi2 laa1.）（天气热，多喝点水吧。）	
row	sentence	飲			例句：得閒一齊去飲茶！（dak1 haan4 jat1 cai4 heoi3 jam2 caa4!）（有空一起去喝茶！）	
row	pron	飲茶	[jam2 caa4]		[jam2 caa4] 喝早茶，去茶楼吃点心〈动〉	
row	sentence	飲茶			例句：禮拜天一家人去酒樓飲茶。（lai5 baai3 tin1 jat1 gaa1 jan4 heoi3 zau2 lau4 jam2 caa4.）（星期天一家人去酒楼喝早茶。）	
row	sentence	飲茶			例句：一盅兩件，慢慢歎。（jat1 zung1 loeng5 gin6, maan6 maan6 taan3.）（一盅两件点心，慢慢享受。）	
row	pron	飽	[baau2]		[baau2] 饱，吃饱〈形〉	
row	sentence	飽			例句：食得好飽，食唔落喇。（sik6 dak1 hou2 baau2, sik6 m4 lok6 laa3.）（吃得好饱，吃不下了。）	
row	sentence	飽			例句：你食飽未啊？（nei5 sik6 baau2 mei6 aa3?）（你吃饱了吗？）	
row	pron	餐	[caan1]		[caan1] 顿，番（量词，用于饮食、责骂或打斗）〈量〉	
row	sentence	餐			例句：今餐我請客！（gam1 caan1 ngo5 cing2 haak3!）（这顿饭我请客！）	
row	sentence	餐			例句：佢畀阿媽鬧咗一餐。（keoi5 bei2 aa3 maa1 naau6 zo2 jat1 caan1.）（他被妈妈狠狠训斥了一顿。）	
row	pron	馬馬地	[maa5 maa5 dei2]		[maa5 maa5 dei2] 一般般，马马虎虎，不过尔尔〈形/副〉	
row	sentence	馬馬地			例句：呢間餐廳啲出品味道馬馬地。（ni1 gaan1 caan1 teng1 di1 ceot1 ban2 mei6 dou6 maa5 maa5 dei2.）（这家餐厅的菜品味道很一般。）	
row	sentence	馬馬地			例句：我廣東話講得馬馬地咋。（ngo5 gwong2 dung1 waa2 gong2 dak1 maa5 maa5 dei2 zaa3.）（我的粤语讲得只是马马虎虎而已。）	
row	pron	驚	[geng1]		[geng1] 害怕，畏惧，恐慌〈动/形〉	
row	sentence	驚			例句：唔使驚，有大家喺度。（m4 sai2 geng1, jau5 daai6 gaa1 hai2 dou6.）（不用怕，有大家在这里。）	
row	sentence	驚			例句：佢好驚打雷。（keoi5 hou2 geng1 daa2 leoi4.）（他很害怕打雷。）	
row	pron	鬼馬	[gwai2 maa5]		[gwai2 maa5] 古灵精怪，风趣幽默，滑稽机灵〈形〉	
row	sentence	鬼馬			例句：呢個小朋友好鬼馬，成日引大家笑。（ni1 go3 siu2 pang4 jau5 hou2 gwai2 maa5, seng4 jat6 jan5 daai6 gaa1 siu3.）（这个小朋友古灵精怪，整天逗大家发笑。）	
row	sentence	鬼馬			例句：星爺嘅喜劇電影真係好鬼馬。（sing1 je4 ge3 hei2 kek6 din6 jing2 zan1 hai6 hou2 gwai2 maa5.）（周星驰的喜剧电影真的很幽默诙谐。）	
row	pron	魚蛋	[jyu4 daan2]		[jyu4 daan2] 鱼丸，鱼蛋〈名〉	
row	sentence	魚蛋			例句：街頭咖喱魚蛋好彈牙。（gaai1 tau4 gaa3 lei1 jyu4 daan2 hou2 daan6 ngaa4.）（街头的咖喱鱼蛋非常有嚼劲弹牙。）	
row	sentence	魚蛋			例句：食完一串咖喱魚蛋仲想食。（sik6 jyun4 jat1 cyun3 gaa3 lei1 jyu4 daan2 zung6 soeng2 sik6.）（吃完一串咖喱鱼蛋还想吃。）	
row	pron	鳳爪	[fung6 zaau2]		[fung6 zaau2] 酱汁蒸凤爪（鸡爪）〈名〉	
row	sentence	鳳爪			例句：豉汁鳳爪蒸得好軟爛入味。（si6 zap1 fung6 zaau2 zing1 dak1 hou2 jyun5 laan6 jap6 mei6.）（豉汁凤爪蒸得非常软烂入味。）	
row	sentence	鳳爪			例句：飲茶點可以唔食鳳爪？（jam2 caa4 dim2 ho2 ji5 m4 sik6 fung6 zaau2?）（喝早茶怎么能不吃凤爪呢？）	
row	pron	鴛鴦	[jin1 joeng1]		[jin1 joeng1] 鸳鸯（咖啡混合奶茶的经典饮品）〈名〉	
row	sentence	鴛鴦			例句：凍鴛鴦少冰少甜。（dung3 jin1 joeng1 siu2 bing1 siu2 tim4.）（冰鸳鸯少冰少糖。）	
row	sentence	鴛鴦			例句：鴛鴦融合咗咖啡同奶茶嘅香味。（jin1 joeng1 jung4 hap6 zo2 gaa3 fe1 tung4 naai5 caa4 ge3 hoeng1 mei6.）（鸳鸯融合了咖啡与奶茶的独特香气。）	
row	pron	黑口黑面	[haak1 hau2 haak1 min6]		[haak1 hau2 haak1 min6] 拉长着脸，脸色阴沉难看，面带怒色〈形〉	
row	sentence	黑口黑面			例句：佢今日成日都黑口黑面，邊個惹到佢啊？（keoi5 gam1 jat6 seng4 jat6 dou1 haak1 hau2 haak1 min6, bin1 go3 je5 dou2 keoi5 aa3?）（他今天一整天都拉着个脸，谁惹到他了？）	
row	sentence	黑口黑面			例句：做服務業唔好黑口黑面。（zou6 fuk6 mou6 jip6 m4 hou2 haak1 hau2 haak1 min6.）（做服务行业不要沉着脸给顾客看。）	
row	pron	點心	[dim2 sam1]		[dim2 sam1] 点心（粤式茶点）〈名〉	
row	sentence	點心			例句：呢間茶樓嘅點心好精緻。（ni1 gaan1 caa4 lau4 ge3 dim2 sam1 hou2 zing1 zi3.）（这家茶楼的点心很精致。）	
row	sentence	點心			例句：你想點咩點心啊？（nei5 soeng2 dim2 me1 dim2 sam1 aa3?）（你想点什么点心呀？）	
row	pron	點樣	[dim2 joeng2]		[dim2 joeng2] 怎样，如何〈副/代〉	
row	sentence	點樣			例句：呢件事點樣搞啊？（ni1 gin6 si6 dim2 joeng2 gaau2 aa3?）（这件事该怎么处理啊？）	
row	sentence	點樣			例句：你覺得點樣？（nei5 gok3 dak1 dim2 joeng2?）（你觉得怎么样？）	
row	pron	點解	[dim2 gaai2]		[dim2 gaai2] 为什么〈副〉	
row	sentence	點解			例句：點解你今日咁遲返嚟？（dim2 gaai2 nei5 gam1 jat6 gam3 ci4 faan1 lai4?）（为什么你今天这么晚回来？）	
row	sentence	點解			例句：點解會搞成噉㗎？（dim2 gaai2 wui5 gaau2 sing4 gam2 gaa3?）（为什么会搞成这样呢？）	
